"Date","Price","Open","High","Low","Vol.","Change %"
"12/12/2023","65,000","64,300","65,000","64,000","6.64K","1.25%"
"12/11/2023","64,200","64,600","65,000","64,200","1.71K","-0.62%"
"12/08/2023","64,600","64,500","65,000","64,500","3.33K","0.47%"
"12/07/2023","64,300","64,500","65,100","64,300","7.02K","0.00%"
"12/06/2023","64,300","64,200","65,300","64,200","5.08K","-0.31%"
"12/05/2023","64,500","64,100","64,500","64,000","1.20K","-0.15%"
"12/04/2023","64,600","65,500","65,500","64,500","7.22K","0.16%"
"12/01/2023","64,500","64,500","64,500","64,400","16.17K","0.78%"
"11/30/2023","64,000","63,700","64,100","63,700","1.90K","0.47%"
"11/29/2023","63,700","63,500","64,000","63,500","6.21K","-0.47%"
"11/28/2023","64,000","64,900","64,900","64,000","0.60K","-0.31%"
"11/27/2023","64,200","64,200","64,200","64,000","0.79K","0.31%"
"11/24/2023","64,000","64,500","64,900","64,000","4.81K","-1.39%"
"11/23/2023","64,900","65,000","65,900","64,900","4.15K","0.00%"
"11/22/2023","64,900","64,500","65,000","64,500","9.70K","0.78%"
"11/21/2023","64,400","64,000","64,400","64,000","1.91K","0.63%"
"11/20/2023","64,000","63,500","64,000","63,500","6.39K","0.00%"
"11/17/2023","64,000","65,000","65,000","64,000","5.34K","-0.78%"
"11/16/2023","64,500","65,000","65,000","64,100","2.91K","0.78%"
"11/15/2023","64,000","64,500","68,200","64,000","28.90K","3.23%"
"11/14/2023","62,000","61,900","63,000","61,900","16.28K","1.64%"
"11/13/2023","61,000","60,700","61,400","60,700","1.60K","0.49%"
"11/10/2023","60,700","61,900","61,900","60,700","3.22K","-0.98%"
"11/09/2023","61,300","61,400","61,900","61,200","2.83K","-0.16%"
"11/08/2023","61,400","61,800","61,800","60,500","5.70K","0.82%"
"11/07/2023","60,900","61,000","61,200","60,900","2.00K","-0.33%"
"11/06/2023","61,100","61,400","61,600","61,000","4.42K","-0.81%"
"11/03/2023","61,600","61,000","62,800","60,000","2.89K","0.33%"
"11/02/2023","61,400","61,100","62,300","61,000","6.61K","0.66%"
"11/01/2023","61,000","60,300","61,000","60,000","4.24K","1.16%"
"10/31/2023","60,300","61,000","62,000","60,200","10.82K","-1.15%"
"10/30/2023","61,000","61,900","62,000","61,000","4.75K","-1.61%"
"10/27/2023","62,000","60,500","66,000","59,000","12.74K","2.48%"
"10/26/2023","60,500","59,000","60,800","58,700","16.00K","-0.66%"
"10/25/2023","60,900","61,000","61,000","58,000","11.40K","-0.16%"
"10/24/2023","61,000","61,300","61,300","60,000","3.39K","-0.49%"
"10/23/2023","61,300","61,500","61,500","60,000","12.32K","-0.65%"
"10/20/2023","61,700","61,700","62,300","61,400","5.11K","0.00%"
"10/19/2023","61,700","61,500","62,500","61,200","9.35K","0.82%"
"10/18/2023","61,200","62,700","63,000","61,200","8.26K","-2.39%"
"10/17/2023","62,700","62,700","63,100","62,500","5.25K","0.16%"
"10/16/2023","62,600","63,200","63,200","62,600","5.27K","-0.48%"
"10/13/2023","62,900","63,200","63,900","62,700","11.99K","-0.63%"
"10/12/2023","63,300","63,100","64,000","63,100","5.10K","0.48%"
"10/11/2023","63,000","62,000","65,000","62,000","7.60K","1.61%"
"10/10/2023","62,000","60,500","62,500","60,500","17.51K","3.33%"
"10/09/2023","60,000","58,600","60,000","58,500","10.26K","2.56%"
"10/06/2023","58,500","58,500","58,700","57,500","7.51K","-0.51%"
"10/05/2023","58,800","60,000","60,000","58,800","13.60K","-2.00%"
"10/04/2023","60,000","60,000","60,100","59,000","7.10K","0.00%"
"10/03/2023","60,000","61,700","61,700","57,900","43.70K","-2.76%"
"10/02/2023","61,700","62,000","62,000","61,700","3.87K","0.00%"
"09/29/2023","61,700","62,300","62,300","60,000","10.34K","3.87%"
"09/28/2023","59,400","59,200","61,000","59,000","12.14K","0.34%"
"09/27/2023","59,200","60,600","60,600","58,000","37.96K","-2.31%"
"09/26/2023","60,600","64,500","64,500","60,300","37.17K","-1.94%"
"09/25/2023","61,800","64,800","64,800","61,800","30.41K","-4.92%"
"09/22/2023","65,000","65,200","66,500","62,800","77.02K","-4.41%"
"09/21/2023","68,000","68,800","68,800","67,500","3.60K","0.00%"
"09/20/2023","68,000","68,100","68,100","67,000","3.72K","-0.15%"
"09/19/2023","68,100","69,000","69,000","68,100","0.72K","0.15%"
"09/18/2023","68,000","69,000","69,000","68,000","3.70K","-1.45%"
"09/15/2023","69,000","67,100","69,000","67,100","1.11K","1.47%"
"09/14/2023","68,000","68,200","68,200","67,100","3.70K","-0.29%"
"09/13/2023","68,200","68,200","69,000","67,500","2.72K","0.00%"
"09/12/2023","68,200","69,000","69,000","68,100","4.46K","-0.15%"
"09/11/2023","68,300","68,800","69,000","68,300","6.39K","-1.16%"
"09/08/2023","69,100","69,800","70,000","69,000","3.88K","-1.29%"
"09/07/2023","70,000","71,000","71,000","69,000","6.30K","-0.99%"
"09/06/2023","70,700","70,000","70,700","70,000","6.60K","1.00%"
"09/05/2023","70,000","69,600","73,700","65,600","19.43K","1.60%"
"08/31/2023","68,900","68,000","68,900","64,000","16.22K","1.32%"
"08/30/2023","68,000","70,000","70,100","66,500","4.63K","-2.86%"
"08/29/2023","70,000","69,000","71,000","69,000","8.86K","2.19%"
"08/28/2023","68,500","64,900","69,500","64,900","23.62K","5.87%"
"08/25/2023","64,700","63,200","65,000","63,200","4.96K","2.37%"
"08/24/2023","63,200","63,100","63,400","63,100","3.13K","-0.47%"
"08/23/2023","63,500","63,000","63,500","63,000","2.21K","-0.63%"
"08/22/2023","63,900","64,800","64,800","62,000","5.47K","1.43%"
"08/21/2023","63,000","63,600","63,600","62,600","3.87K","-0.94%"
"08/18/2023","63,600","64,500","65,500","63,600","11.88K","-2.90%"
"08/17/2023","65,500","65,000","65,500","65,000","7.70K","-0.46%"
"08/16/2023","65,800","66,000","66,000","65,200","2.77K","-0.30%"
"08/15/2023","66,000","66,000","66,100","64,300","2.40K","-0.15%"
"08/14/2023","66,100","66,000","66,200","64,500","12.51K","0.15%"
"08/11/2023","66,000","66,000","66,000","65,500","6.80K","-0.30%"
"08/10/2023","66,200","66,900","66,900","66,200","0.70K","0.15%"
"08/09/2023","66,100","66,000","67,000","66,000","2.80K","0.15%"
"08/08/2023","66,000","60,300","67,800","60,300","10.41K","-1.35%"
"08/07/2023","66,900","66,100","67,100","66,100","6.80K","1.06%"
"08/04/2023","66,200","66,000","66,500","66,000","6.54K","-0.45%"
"08/03/2023","66,500","67,600","67,700","65,000","5.30K","-1.04%"
"08/02/2023","67,200","67,000","67,400","67,000","7.78K","-1.18%"
"08/01/2023","68,000","68,000","68,300","68,000","17.44K","1.49%"
"07/31/2023","67,000","66,400","67,500","66,400","3.80K","-0.59%"
"07/28/2023","67,400","67,700","68,000","66,900","7.41K","-0.88%"
"07/27/2023","68,000","68,000","68,300","67,600","10.65K","0.00%"
"07/26/2023","68,000","69,000","69,000","68,000","7.64K","-1.31%"
"07/25/2023","68,900","68,600","68,900","68,200","11.50K","1.32%"
"07/24/2023","68,000","69,000","69,000","66,000","28.71K","-1.45%"
"07/21/2023","69,000","71,800","72,000","69,000","30.53K","-3.90%"
"07/20/2023","71,800","72,400","73,200","71,800","6.36K","-0.83%"
"07/19/2023","72,400","72,400","73,200","71,500","20.40K","0.56%"
"07/18/2023","72,000","73,800","74,000","71,100","19.71K","-1.91%"
"07/17/2023","73,400","72,400","75,000","72,200","22.57K","1.66%"
"07/14/2023","72,200","76,000","76,000","72,200","42.00K","-6.84%"
"07/13/2023","77,500","79,500","79,500","74,000","22.90K","-2.52%"
"07/12/2023","79,500","80,800","80,800","75,000","100.78K","8.16%"
"07/11/2023","73,500","73,500","73,500","73,500","18.28K","9.90%"
"07/10/2023","66,880","66,880","66,880","61,200","214.78K","-56.00%"
"07/07/2023","152,000","139,700","153,700","139,700","44.61K","8.73%"
"07/06/2023","139,800","147,600","147,800","138,000","41.11K","-5.22%"
"07/05/2023","147,500","157,000","157,000","145,000","22.60K","-1.54%"
"07/04/2023","149,800","158,000","160,000","148,000","28.77K","-4.89%"
"07/03/2023","157,500","153,000","166,100","153,000","24.99K","4.30%"
"06/30/2023","151,000","153,500","155,000","151,000","12.30K","-0.92%"
"06/29/2023","152,400","150,000","156,000","149,000","13.02K","1.67%"
"06/28/2023","149,900","146,000","159,500","146,000","30.77K","2.81%"
"06/27/2023","145,800","143,000","145,800","135,200","1.65K","1.96%"
"06/26/2023","143,000","145,000","145,000","143,000","0.31K","-1.38%"
"06/23/2023","145,000","134,800","145,000","134,800","2.56K","7.57%"
"06/22/2023","134,800","132,000","144,900","129,000","9.61K","-5.93%"
"06/21/2023","143,300","146,000","146,000","134,100","10.40K","-3.83%"
"06/20/2023","149,000","135,000","150,000","135,000","1.32K","2.76%"
"06/19/2023","145,000","118,900","145,200","118,900","15.23K","9.85%"
"06/16/2023","132,000","117,000","132,000","117,000","1.01K","6.45%"
"06/15/2023","124,000","110,600","124,000","110,600","0.21K","0.98%"
"06/14/2023","122,800","119,500","124,900","119,500","0.40K","5.95%"
"06/09/2023","115,900","115,100","115,900","115,100","0.31K","0.00%"
"06/08/2023","115,900","115,900","115,900","115,900","0.12K","-5.00%"
"06/07/2023","122,000","122,000","122,000","122,000","0.10K","1.75%"
"06/06/2023","119,900","119,900","119,900","119,900","1.30K","3.81%"
"06/05/2023","115,500","111,000","121,900","111,000","1.51K","-5.33%"
"06/02/2023","122,000","125,400","125,400","122,000","1.21K","7.02%"
"06/01/2023","114,000","109,000","114,500","108,800","2.50K","9.51%"
"05/31/2023","104,100","103,000","105,500","103,000","0.70K","4.10%"
"05/30/2023","100,000","100,000","100,000","100,000","0.20K","0.00%"
"05/29/2023","100,000","100,000","100,000","100,000","0.11K","3.84%"
"05/22/2023","96,300","86,700","86,700","86,700","","0.00%"
"05/19/2023","96,300","96,500","96,500","96,300","0.20K","-2.73%"
"05/16/2023","99,000","98,500","99,000","98,500","0.20K","-5.71%"
"05/15/2023","105,000","105,000","105,000","105,000","0.10K","7.03%"
"05/12/2023","98,100","98,100","98,100","98,100","0.10K","-9.33%"
"05/11/2023","108,200","102,000","108,800","102,000","3.22K","7.55%"
"05/10/2023","100,600","100,600","100,600","100,600","0.11K","-0.10%"
"05/09/2023","100,700","100,800","100,800","100,700","0.33K","-0.10%"
"05/08/2023","100,800","100,500","100,800","100,500","1.12K","0.80%"
"05/05/2023","100,000","100,000","100,000","100,000","0.41K","0.00%"
"04/28/2023","100,000","100,000","100,000","100,000","0.40K","0.00%"
"04/25/2023","100,000","100,000","100,000","100,000","0.50K","0.00%"
"04/24/2023","100,000","100,000","100,000","100,000","2.30K","0.00%"
"04/21/2023","100,000","100,000","100,000","100,000","2.70K","0.00%"
"04/18/2023","100,000","100,000","100,000","100,000","0.20K","0.00%"
"04/17/2023","100,000","100,000","100,000","100,000","1.22K","0.70%"
"04/14/2023","99,300","99,200","99,300","99,200","0.60K","-0.10%"
"04/13/2023","99,400","99,800","100,000","99,400","0.71K","3.65%"
"04/12/2023","95,900","93,600","95,900","93,600","0.21K","-3.91%"
"04/11/2023","99,800","100,000","100,000","99,800","0.20K","4.94%"
"04/10/2023","95,100","95,100","95,100","95,000","1.00K","-5.00%"
"04/06/2023","100,100","100,000","100,100","100,000","0.70K","0.10%"
"04/05/2023","100,000","100,000","100,000","99,800","1.70K","0.50%"
"04/04/2023","99,500","99,500","99,500","99,500","2.84K","4.74%"
"04/03/2023","95,000","94,500","95,000","94,500","2.50K","0.00%"
"03/31/2023","95,000","95,000","95,000","95,000","0.10K","-4.52%"
"03/30/2023","99,500","93,600","99,500","93,600","0.20K","4.52%"
"03/29/2023","95,200","95,200","95,200","95,200","0.40K","0.00%"
"03/27/2023","95,200","95,100","95,200","95,100","0.50K","-6.21%"
"03/23/2023","101,500","100,000","101,500","100,000","0.20K","-1.46%"
"03/22/2023","103,000","105,600","105,600","101,000","2.60K","3.00%"
"03/21/2023","100,000","103,000","103,000","100,000","3.11K","-3.29%"
"03/20/2023","103,400","103,000","112,000","102,900","6.00K","0.39%"
"03/16/2023","103,000","102,000","103,000","102,000","0.22K","0.00%"
"03/13/2023","103,000","103,000","103,000","103,000","1.20K","3.00%"
"03/10/2023","100,000","100,000","100,000","100,000","1.62K","1.01%"
"03/09/2023","99,000","99,000","99,000","99,000","0.60K","2.59%"
"03/07/2023","96,500","96,500","96,500","96,500","0.52K","-3.60%"
"03/06/2023","100,100","100,000","100,500","100,000","3.00K","-9.90%"
"03/03/2023","111,100","111,100","118,000","111,000","1.43K","0.00%"
"03/02/2023","111,100","95,000","111,100","95,000","3.00K","10.00%"
"02/28/2023","101,000","101,600","101,600","100,800","1.90K","-9.82%"
"02/24/2023","112,000","103,000","112,000","103,000","3.20K","9.80%"
"02/23/2023","102,000","100,000","102,000","100,000","1.93K","2.10%"
"02/22/2023","99,900","99,900","99,900","99,900","0.30K","0.91%"
"02/21/2023","99,000","98,000","99,000","98,000","0.50K","1.02%"
"02/20/2023","98,000","98,000","98,000","98,000","0.43K","2.08%"
"02/17/2023","96,000","98,000","98,500","96,000","0.30K","1.05%"
"02/16/2023","95,000","95,000","95,000","95,000","1.73K","0.96%"
"02/15/2023","94,100","93,500","94,100","93,500","0.33K","-1.98%"
"02/13/2023","96,000","95,600","96,000","95,500","0.60K","0.52%"
"02/10/2023","95,500","95,500","95,500","95,500","1.10K","2.58%"
"02/09/2023","93,100","93,200","93,200","93,100","0.20K","0.11%"
"02/08/2023","93,000","93,000","93,000","93,000","0.10K","-9.71%"
"02/07/2023","103,000","90,000","103,000","90,000","0.41K","5.64%"
"02/03/2023","97,500","90,000","97,500","90,000","0.20K","0.00%"
"02/02/2023","97,500","97,000","97,500","97,000","3.51K","0.52%"
"02/01/2023","97,000","97,000","97,000","97,000","0.10K","0.00%"
"01/31/2023","97,000","100,000","100,000","96,000","0.70K","1.25%"
"01/30/2023","95,800","95,800","95,800","95,800","0.32K","0.84%"
"01/27/2023","95,000","95,000","95,000","95,000","1.10K","0.53%"
"01/19/2023","94,500","95,000","95,000","94,500","0.20K","3.85%"
"01/16/2023","91,000","91,000","91,000","91,000","0.13K","-2.15%"
"01/06/2023","93,000","93,000","93,000","93,000","0.20K","-1.06%"
"12/30/2022","94,000","94,000","94,000","94,000","0.20K","1.08%"
"12/28/2022","93,000","93,000","93,000","93,000","0.42K","0.00%"
"12/19/2022","93,000","93,000","93,000","93,000","0.10K","-5.97%"
"12/16/2022","98,900","92,000","98,900","92,000","0.50K","5.21%"
"12/15/2022","94,000","94,000","94,000","94,000","0.58K","5.50%"
"12/14/2022","89,100","90,500","90,500","89,100","0.70K","0.11%"
"12/13/2022","89,000","89,000","89,000","89,000","0.20K","-1.11%"
"12/09/2022","90,000","90,000","90,000","90,000","0.10K","0.00%"
"12/07/2022","90,000","90,000","90,000","90,000","0.20K","0.56%"
"12/06/2022","89,500","90,000","90,000","89,500","0.20K","-0.56%"
"12/01/2022","90,000","90,000","91,000","90,000","0.60K","-0.55%"
"11/30/2022","90,500","90,500","90,500","90,500","0.29K","0.44%"
"11/29/2022","90,100","90,100","90,100","90,100","0.10K","0.11%"
"11/25/2022","90,000","89,100","90,000","89,000","4.10K","-0.11%"
"11/23/2022","90,100","90,100","90,100","90,100","2.75K","-2.07%"
"11/18/2022","92,000","91,000","92,000","91,000","1.00K","2.79%"
"11/17/2022","89,500","89,500","89,500","89,500","0.10K","0.56%"
"11/16/2022","89,000","89,000","89,000","89,000","0.30K","-2.20%"
"11/15/2022","91,000","89,500","91,000","89,000","2.90K","2.25%"
"11/14/2022","89,000","89,100","90,000","89,000","10.90K","-1.11%"
"11/10/2022","90,000","89,500","90,000","89,500","0.80K","-1.10%"
"11/09/2022","91,000","90,000","91,000","90,000","1.70K","1.11%"
"11/08/2022","90,000","90,000","90,000","90,000","0.10K","0.90%"
"11/07/2022","89,200","89,000","89,200","89,000","3.10K","0.11%"
"11/04/2022","89,100","89,100","89,100","89,100","0.40K","0.00%"
"11/03/2022","89,100","89,100","89,100","89,100","0.10K","0.11%"
"11/02/2022","89,000","89,100","89,100","89,000","0.40K","0.00%"
"11/01/2022","89,000","89,100","89,100","89,000","1.60K","-0.11%"
"10/31/2022","89,100","89,100","89,100","89,100","0.10K","0.68%"
"10/28/2022","88,500","88,600","88,600","88,500","1.22K","0.00%"
"10/27/2022","88,500","88,500","88,500","88,500","0.10K","-1.12%"
"10/24/2022","89,500","89,700","89,700","89,500","4.90K","-0.56%"
"10/21/2022","90,000","90,000","90,000","90,000","2.00K","0.00%"
"10/20/2022","90,000","90,000","90,000","90,000","2.60K","-0.11%"
"10/17/2022","90,100","90,000","90,100","90,000","1.11K","0.11%"
"10/14/2022","90,000","90,000","90,000","90,000","1.00K","1.12%"
"10/10/2022","89,000","89,100","90,000","89,000","2.90K","-1.11%"
"10/07/2022","90,000","90,200","90,200","90,000","3.10K","-0.22%"
"10/06/2022","90,200","90,200","90,200","90,200","0.20K","-0.66%"
"10/05/2022","90,800","90,800","90,800","90,800","0.10K","0.22%"
"10/04/2022","90,600","90,000","90,600","90,000","4.40K","0.00%"
"10/03/2022","90,600","90,600","90,600","90,600","1.00K","0.67%"
"09/30/2022","90,000","90,000","90,000","90,000","1.01K","-0.22%"
"09/29/2022","90,200","90,000","90,200","90,000","0.60K","0.11%"
"09/28/2022","90,100","89,000","90,100","89,000","0.40K","1.24%"
"09/26/2022","89,000","90,600","90,600","89,000","1.80K","-1.77%"
"09/22/2022","90,600","90,200","90,600","90,200","0.33K","-0.98%"
"09/21/2022","91,500","91,500","91,500","91,500","0.40K","0.55%"
"09/20/2022","91,000","90,200","91,000","90,200","0.30K","0.89%"
"09/19/2022","90,200","90,500","91,000","90,200","0.80K","0.11%"
"09/14/2022","90,100","90,100","90,200","90,100","0.50K","-0.11%"
"09/13/2022","90,200","90,200","90,200","90,200","0.10K","-0.33%"
"09/12/2022","90,500","90,100","90,500","90,100","0.64K","0.44%"
"09/09/2022","90,100","90,100","90,100","90,100","0.10K","-0.99%"
"09/07/2022","91,000","91,000","91,000","91,000","0.20K","1.11%"
"09/06/2022","90,000","90,000","90,000","90,000","0.70K","-0.22%"
"09/05/2022","90,200","90,200","90,200","90,200","1.00K","0.11%"
"08/31/2022","90,100","90,100","90,100","90,100","1.90K","0.00%"
"08/30/2022","90,100","90,100","90,100","90,100","1.00K","0.11%"
"08/29/2022","90,000","90,000","90,000","90,000","0.50K","-0.11%"
"08/26/2022","90,100","90,500","90,500","90,100","3.30K","0.00%"
"08/25/2022","90,100","90,100","90,100","90,100","0.70K","-0.11%"
"08/24/2022","90,200","90,200","90,200","90,200","0.40K","0.00%"
"08/23/2022","90,200","90,000","90,200","90,000","3.70K","0.22%"
"08/22/2022","90,000","90,000","90,100","90,000","14.10K","-1.10%"
"08/18/2022","91,000","91,000","91,000","90,000","1.52K","0.55%"
"08/17/2022","90,500","90,100","90,500","90,100","3.00K","0.33%"
"08/16/2022","90,200","91,900","91,900","90,000","6.10K","-0.33%"
"08/15/2022","90,500","90,500","90,500","90,100","4.10K","0.56%"
"08/12/2022","90,000","90,000","90,000","90,000","25.00K","0.00%"
"08/11/2022","90,000","91,000","93,500","90,000","4.00K","0.00%"
"08/10/2022","90,000","90,000","90,100","90,000","4.40K","0.00%"
"08/09/2022","90,000","90,000","90,000","90,000","17.70K","0.00%"
"08/08/2022","90,000","90,000","90,000","90,000","8.50K","0.33%"
"08/05/2022","89,700","90,000","90,000","87,000","10.71K","-0.33%"
"08/04/2022","90,000","90,100","90,100","90,000","5.60K","0.00%"
"08/02/2022","90,000","90,100","90,100","90,000","0.90K","-0.55%"
"08/01/2022","90,500","90,100","90,500","90,000","4.60K","0.56%"
"07/29/2022","90,000","90,500","90,500","90,000","0.50K","-0.55%"
"07/28/2022","90,500","90,500","90,500","90,100","4.10K","0.56%"
"07/27/2022","90,000","90,000","90,000","90,000","2.40K","0.00%"
"07/26/2022","90,000","90,500","90,500","90,000","5.00K","-0.55%"
"07/25/2022","90,500","91,000","92,100","90,500","2.80K","-7.65%"
"07/22/2022","98,000","98,000","98,000","98,000","0.10K","6.52%"
"07/20/2022","92,000","98,000","98,000","90,000","19.30K","0.00%"
"07/19/2022","92,000","98,000","98,000","92,000","0.20K","-6.12%"
"07/15/2022","98,000","98,000","98,000","98,000","0.23K","6.41%"
"07/14/2022","92,100","92,100","92,100","92,100","0.10K","0.11%"
"07/13/2022","92,000","92,000","92,000","92,000","0.71K","-1.08%"
"07/12/2022","93,000","92,000","93,500","92,000","28.60K","1.09%"
"07/11/2022","92,000","91,000","92,000","91,000","1.50K","0.00%"
"07/08/2022","92,000","92,000","92,500","91,500","7.80K","1.10%"
"07/07/2022","91,000","91,000","92,000","91,000","2.30K","-1.09%"
"07/06/2022","92,000","92,000","92,000","92,000","2.00K","0.00%"
"07/05/2022","92,000","93,000","93,000","90,000","0.80K","-1.08%"
"07/04/2022","93,000","93,500","93,500","93,000","0.20K","3.33%"
"06/28/2022","90,000","90,000","90,000","90,000","0.10K","0.00%"
"06/27/2022","90,000","90,000","90,000","90,000","1.00K","-3.74%"
"06/24/2022","93,500","93,500","93,500","93,500","0.10K","2.75%"
"06/22/2022","91,000","90,000","91,000","90,000","0.40K","0.55%"
"06/21/2022","90,500","90,500","90,500","90,500","1.00K","0.00%"
"06/17/2022","90,500","90,500","90,500","90,500","0.30K","-1.09%"
"06/16/2022","91,500","90,500","91,700","90,500","3.50K","-2.14%"
"06/15/2022","93,500","93,500","93,500","93,500","0.40K","0.65%"
"06/14/2022","92,900","92,900","92,900","92,900","0.10K","3.22%"
"06/13/2022","90,000","91,000","91,000","90,000","12.10K","-5.36%"
"06/09/2022","95,100","94,000","96,100","94,000","1.29K","-8.03%"
"06/07/2022","103,400","103,400","103,400","103,400","0.10K","10.00%"
"06/03/2022","94,000","94,000","94,000","94,000","14.80K","0.00%"
"06/02/2022","94,000","92,600","94,000","92,600","7.20K","0.00%"
"06/01/2022","94,000","93,900","94,000","93,900","4.00K","0.00%"
"05/30/2022","94,000","94,000","94,000","94,000","0.10K","-2.59%"
"05/26/2022","96,500","91,000","96,500","91,000","0.20K","-0.52%"
"05/25/2022","97,000","97,000","97,000","97,000","2.80K","1.04%"
"05/24/2022","96,000","96,000","96,000","96,000","0.20K","5.96%"
"05/23/2022","90,600","90,700","90,700","90,600","1.80K","-5.63%"
"05/20/2022","96,000","96,400","96,400","92,900","19.90K","3.78%"
"05/18/2022","92,500","90,000","92,500","90,000","8.10K","-4.54%"
"05/17/2022","96,900","97,000","97,000","96,900","0.20K","7.67%"
"05/16/2022","90,000","91,000","91,000","90,000","0.60K","-1.10%"
"05/13/2022","91,000","93,100","93,200","90,000","19.40K","-2.36%"
"05/12/2022","93,200","93,100","93,300","93,100","2.90K","0.11%"
"05/11/2022","93,100","93,100","93,100","93,100","0.40K","0.00%"
"05/10/2022","93,100","90,000","93,100","90,000","0.20K","3.44%"
"05/09/2022","90,000","109,700","109,700","90,000","2.50K","-9.82%"
"05/05/2022","99,800","95,000","99,800","93,500","0.50K","3.74%"
"05/04/2022","96,200","100,000","100,000","96,200","1.60K","-3.80%"
"04/29/2022","100,000","100,000","100,000","100,000","0.30K","0.00%"
"04/27/2022","100,000","98,700","100,000","98,500","1.50K","1.42%"
"04/26/2022","98,600","90,000","98,600","90,000","1.20K","2.71%"
"04/25/2022","96,000","100,000","100,000","96,000","1.50K","-8.48%"
"04/22/2022","104,900","101,000","104,900","98,500","1.21K","1.55%"
"04/21/2022","103,300","102,000","103,300","102,000","1.00K","-0.10%"
"04/20/2022","103,400","96,000","105,000","96,000","0.80K","0.29%"
"04/19/2022","103,100","102,100","103,100","102,000","2.40K","-1.81%"
"04/18/2022","105,000","105,000","105,000","101,200","1.30K","-1.87%"
"04/15/2022","107,000","105,000","107,000","104,500","4.70K","-0.83%"
"04/14/2022","107,900","108,000","108,000","104,000","2.80K","-0.09%"
"04/13/2022","108,000","108,000","108,000","108,000","0.11K","0.09%"
"04/12/2022","107,900","105,000","107,900","105,000","1.10K","-0.09%"
"04/08/2022","108,000","108,000","108,000","107,000","10.20K","0.00%"
"04/07/2022","108,000","108,000","108,000","107,900","2.00K","0.00%"
"04/06/2022","108,000","108,000","108,000","108,000","0.60K","0.00%"
"04/05/2022","108,000","109,000","109,000","106,000","9.80K","-1.91%"
"04/04/2022","110,100","110,100","110,100","110,000","8.22K","0.09%"
"04/01/2022","110,000","107,700","110,400","107,700","3.30K","2.14%"
"03/31/2022","107,700","107,500","107,800","107,200","5.20K","0.19%"
"03/30/2022","107,500","107,500","108,000","107,500","3.02K","0.47%"
"03/29/2022","107,000","108,800","108,800","107,000","5.10K","0.00%"
"03/28/2022","107,000","110,500","110,500","106,000","3.80K","-2.46%"
"03/25/2022","109,700","110,300","110,300","109,700","0.50K","-0.54%"
"03/24/2022","110,300","110,500","110,500","110,000","3.71K","-4.91%"
"03/23/2022","116,000","116,000","116,000","116,000","5.60K","0.00%"
"03/22/2022","116,000","116,200","116,400","116,000","6.82K","0.00%"
"03/21/2022","116,000","114,500","116,500","114,000","19.23K","1.67%"
"03/18/2022","114,100","114,100","115,000","114,100","1.34K","0.09%"
"03/17/2022","114,000","115,000","115,000","114,000","1.11K","0.00%"
"03/16/2022","114,000","114,600","114,700","114,000","1.61K","-0.52%"
"03/15/2022","114,600","113,500","119,900","113,000","2.20K","-0.09%"
"03/14/2022","114,700","114,000","114,700","112,500","4.60K","0.00%"
"03/11/2022","114,700","119,400","119,400","114,500","1.01K","-3.94%"
"03/10/2022","119,400","120,600","120,600","119,400","0.30K","0.25%"
"03/08/2022","119,100","120,000","123,800","119,000","3.41K","4.02%"
"03/07/2022","114,500","114,000","114,500","114,000","1.70K","0.79%"
"03/04/2022","113,600","114,000","114,000","113,600","0.30K","-0.35%"
"03/03/2022","114,000","114,000","114,000","114,000","1.10K","1.15%"
"03/02/2022","112,700","112,900","112,900","112,700","0.92K","-0.27%"
"03/01/2022","113,000","113,000","113,000","113,000","0.13K","0.00%"
"02/28/2022","113,000","113,000","113,000","113,000","0.65K","-0.88%"
"02/25/2022","114,000","111,000","114,000","111,000","2.20K","1.79%"
"02/24/2022","112,000","112,000","112,000","112,000","0.50K","0.00%"
"02/23/2022","112,000","112,000","112,000","112,000","0.10K","1.82%"
"02/21/2022","110,000","110,000","110,000","110,000","0.10K","3.77%"
"02/15/2022","106,000","106,000","106,000","106,000","0.10K","-3.64%"
"02/14/2022","110,000","110,000","110,000","110,000","0.50K","0.00%"
"02/08/2022","110,000","109,900","110,000","109,900","0.31K","0.09%"
"02/07/2022","109,900","109,900","109,900","109,900","0.10K","0.00%"
"01/28/2022","109,900","105,000","110,000","105,000","0.31K","-0.09%"
"01/26/2022","110,000","110,000","110,000","110,000","0.40K","-0.81%"
"01/21/2022","110,900","110,900","110,900","110,900","0.35K","2.69%"
"01/20/2022","108,000","108,000","108,000","108,000","0.10K","0.00%"
"01/19/2022","108,000","108,000","108,000","108,000","0.10K","0.00%"
"01/18/2022","108,000","108,000","108,000","108,000","0.40K","-4.26%"
"01/17/2022","112,800","114,000","114,000","105,100","0.45K","-1.05%"
"01/14/2022","114,000","114,000","114,000","114,000","0.10K","9.62%"
"01/13/2022","104,000","110,000","114,000","104,000","8.20K","-5.45%"
"01/10/2022","110,000","110,100","116,000","105,200","3.40K","-5.17%"
"01/05/2022","116,000","116,000","116,000","116,000","0.10K","0.00%"
"01/04/2022","116,000","104,800","116,000","104,800","2.51K","2.65%"
"12/28/2021","113,000","113,000","113,000","113,000","0.22K","0.00%"
"12/27/2021","113,000","113,000","113,000","113,000","0.70K","2.73%"
"12/23/2021","110,000","110,000","110,000","110,000","0.20K","-2.65%"
"12/22/2021","113,000","110,000","113,000","110,000","1.10K","1.25%"
"12/21/2021","111,600","111,600","111,600","111,600","0.20K","-0.80%"
"12/17/2021","112,500","110,000","112,500","110,000","0.42K","-3.02%"
"12/16/2021","116,000","116,000","116,000","116,000","0.13K","0.87%"
"12/15/2021","115,000","115,000","115,000","115,000","0.20K","0.00%"
"12/14/2021","115,000","113,000","115,000","113,000","1.00K","1.77%"
"12/10/2021","113,000","112,500","113,000","112,500","0.50K","0.00%"
"12/09/2021","113,000","113,000","113,000","113,000","1.30K","0.00%"
"12/08/2021","113,000","113,000","113,000","113,000","0.20K","0.44%"
"12/07/2021","112,500","112,500","112,500","112,000","0.30K","0.00%"
"12/06/2021","112,500","112,600","112,600","112,500","0.40K","-0.09%"
"12/03/2021","112,600","112,800","112,800","112,600","0.50K","-0.18%"
"12/02/2021","112,800","112,800","112,800","112,800","0.40K","-3.59%"
"11/29/2021","117,000","117,000","117,000","117,000","0.40K","0.00%"
"11/26/2021","117,000","114,800","117,000","114,800","2.70K","1.92%"
"11/25/2021","114,800","115,000","115,000","114,800","1.34K","0.17%"
"11/24/2021","114,600","114,600","116,000","114,500","8.00K","0.09%"
"11/23/2021","114,500","114,900","114,900","114,500","10.18K","-0.35%"
"11/22/2021","114,900","114,900","114,900","114,900","6.51K","0.00%"
"11/19/2021","114,900","103,500","117,500","103,500","1.40K","0.00%"
"11/18/2021","114,900","115,100","115,100","114,900","1.20K","-0.09%"
"11/17/2021","115,000","115,100","116,500","115,000","4.53K","0.00%"
"11/16/2021","115,000","115,000","115,000","115,000","0.10K","-3.36%"
"11/12/2021","119,000","104,100","119,000","104,100","0.30K","2.94%"
"11/11/2021","115,600","115,600","115,600","115,000","4.11K","0.00%"
"11/10/2021","115,600","104,200","115,600","104,200","3.20K","0.00%"
"11/09/2021","115,600","115,600","115,600","115,600","0.60K","9.99%"
"11/08/2021","105,100","105,100","105,100","105,100","0.10K","-9.47%"
"11/04/2021","116,100","104,400","116,100","104,400","0.51K","0.09%"
"11/03/2021","116,000","116,000","116,000","115,500","0.40K","-1.61%"
"11/01/2021","117,900","116,000","117,900","116,000","0.42K","1.64%"
"10/29/2021","116,000","116,000","116,000","116,000","1.00K","0.00%"
"10/28/2021","116,000","116,000","116,000","116,000","0.10K","0.00%"
"10/27/2021","116,000","116,000","116,000","116,000","0.32K","0.00%"
"10/26/2021","116,000","116,000","116,000","116,000","0.10K","0.00%"
"10/25/2021","116,000","116,000","116,000","115,800","1.60K","0.00%"
"10/22/2021","116,000","114,000","116,000","114,000","0.20K","0.00%"
"10/20/2021","116,000","113,000","119,000","112,600","0.60K","0.87%"
"10/19/2021","115,000","132,000","132,000","115,000","0.20K","-4.17%"
"10/15/2021","120,000","126,500","126,500","118,000","3.76K","4.35%"
"10/14/2021","115,000","115,000","115,000","115,000","0.20K","-0.86%"
"10/13/2021","116,000","116,000","116,000","116,000","0.30K","0.00%"
"10/12/2021","116,000","116,000","116,000","116,000","1.00K","-1.53%"
"10/11/2021","117,800","117,800","117,800","117,800","0.10K","0.68%"
"10/08/2021","117,000","117,000","117,000","117,000","0.20K","0.00%"
"10/07/2021","117,000","117,900","117,900","117,000","1.02K","-0.76%"
"10/05/2021","117,900","117,900","117,900","117,900","0.40K","-0.08%"
"10/04/2021","118,000","118,000","118,000","118,000","1.30K","0.00%"
"10/01/2021","118,000","118,000","118,000","118,000","0.20K","1.29%"
"09/29/2021","116,500","116,500","116,500","116,500","0.10K","0.00%"
"09/28/2021","116,500","116,500","116,500","116,500","0.10K","-1.10%"
"09/27/2021","117,800","118,000","118,000","117,800","0.80K","-0.17%"
"09/24/2021","118,000","118,000","118,000","118,000","1.71K","-0.51%"
"09/23/2021","118,600","118,000","118,600","118,000","0.21K","1.37%"
"09/22/2021","117,000","117,000","117,000","117,000","0.50K","-0.76%"
"09/21/2021","117,900","118,000","118,000","116,500","1.00K","-0.08%"
"09/20/2021","118,000","118,000","118,000","117,000","1.91K","0.43%"
"09/17/2021","117,500","117,500","117,500","117,500","0.80K","-2.08%"
"09/14/2021","120,000","120,000","120,000","120,000","1.04K","0.00%"
"09/10/2021","120,000","120,000","120,000","120,000","0.11K","0.00%"
"09/09/2021","120,000","119,900","120,000","119,900","1.50K","0.84%"
"09/08/2021","119,000","116,500","120,100","116,500","0.80K","2.15%"
"09/07/2021","116,500","116,600","116,600","116,500","0.30K","0.00%"
"09/06/2021","116,500","116,500","116,600","116,400","1.33K","0.26%"
"09/01/2021","116,200","115,100","117,500","115,000","1.40K","-3.17%"
"08/31/2021","120,000","120,000","120,000","117,400","1.80K","3.45%"
"08/30/2021","116,000","116,000","116,000","116,000","1.21K","9.95%"
"08/27/2021","105,500","113,000","115,000","104,800","5.60K","-9.05%"
"08/26/2021","116,000","119,000","119,000","116,000","0.60K","-2.52%"
"08/24/2021","119,000","119,000","119,000","119,000","0.10K","0.00%"
"08/23/2021","119,000","119,000","119,000","119,000","0.20K","0.85%"
"08/20/2021","118,000","116,000","120,000","116,000","0.50K","0.00%"
"08/18/2021","118,000","116,600","118,000","116,600","0.40K","1.20%"
"08/17/2021","116,600","116,100","116,600","116,100","0.21K","0.95%"
"08/16/2021","115,500","115,500","115,500","115,500","0.20K","-5.94%"
"08/13/2021","122,800","122,800","122,800","122,800","1.10K","-0.16%"
"08/11/2021","123,000","123,000","123,000","123,000","0.41K","0.00%"
"08/10/2021","123,000","116,900","123,800","116,900","8.30K","5.13%"
"08/09/2021","117,000","117,000","117,000","115,000","0.90K","1.74%"
"08/05/2021","115,000","115,000","115,000","115,000","0.10K","0.17%"
"08/04/2021","114,800","113,000","114,800","113,000","0.30K","0.70%"
"08/03/2021","114,000","114,000","114,000","114,000","0.10K","-2.56%"
"08/02/2021","117,000","116,500","117,000","116,500","3.71K","6.17%"
"07/30/2021","110,200","106,600","110,200","106,600","1.40K","-6.61%"
"07/28/2021","118,000","118,000","118,000","118,000","0.71K","0.00%"
"07/26/2021","118,000","117,500","118,000","117,500","0.30K","0.43%"
"07/23/2021","117,500","117,500","117,500","117,500","0.67K","0.00%"
"07/20/2021","117,500","115,500","117,500","115,000","1.20K","2.17%"
"07/19/2021","115,000","117,000","117,000","115,000","1.50K","-2.54%"
"07/16/2021","118,000","120,000","120,000","118,000","0.40K","2.08%"
"07/15/2021","115,600","115,700","115,700","115,600","2.00K","-3.67%"
"07/14/2021","120,000","121,000","121,000","120,000","1.60K","-2.04%"
"07/13/2021","122,500","123,000","123,000","120,000","0.40K","2.08%"
"07/12/2021","120,000","120,000","120,000","119,000","8.30K","-2.83%"
"07/08/2021","123,500","123,100","123,500","110,700","2.74K","0.41%"
"07/07/2021","123,000","116,000","123,000","116,000","6.51K","3.27%"
"07/06/2021","119,100","120,000","120,000","119,100","0.71K","-1.16%"
"07/05/2021","120,500","120,700","120,700","120,000","0.80K","-2.03%"
"07/02/2021","123,000","120,000","123,000","119,500","10.20K","2.50%"
"07/01/2021","120,000","117,500","120,000","117,500","1.13K","1.69%"
"06/30/2021","118,000","116,500","118,000","116,300","1.60K","1.46%"
"06/29/2021","116,300","115,000","116,300","115,000","1.93K","-0.17%"
"06/28/2021","116,500","115,500","116,500","115,500","0.30K","0.87%"
"06/25/2021","115,500","115,000","115,500","114,500","1.40K","0.43%"
"06/24/2021","115,000","115,000","115,100","115,000","1.21K","-0.86%"
"06/23/2021","116,000","116,000","116,000","116,000","1.60K","0.00%"
"06/22/2021","116,000","115,000","116,000","115,000","0.80K","0.00%"
"06/21/2021","116,000","116,000","116,000","116,000","0.44K","-1.53%"
"06/18/2021","117,800","117,800","117,800","117,800","0.10K","0.08%"
"06/17/2021","117,700","114,000","117,700","114,000","0.34K","4.07%"
"06/16/2021","113,100","116,700","116,700","110,600","0.90K","-1.22%"
"06/15/2021","114,500","115,300","115,600","114,500","4.40K","-0.61%"
"06/14/2021","115,200","115,200","115,200","115,200","0.10K","-1.54%"
"06/11/2021","117,000","117,500","117,500","116,000","0.50K","0.00%"
"06/10/2021","117,000","117,000","117,100","117,000","1.30K","-2.50%"
"06/09/2021","120,000","115,000","120,000","115,000","0.70K","0.84%"
"06/08/2021","119,000","120,000","120,000","119,000","4.30K","-1.24%"
"06/07/2021","120,500","121,000","123,000","120,400","4.15K","0.42%"
"06/04/2021","120,000","113,100","120,000","113,100","9.08K","6.10%"
"06/03/2021","113,100","113,600","113,600","113,000","1.01K","-0.44%"
"06/02/2021","113,600","113,600","113,600","113,600","0.10K","0.00%"
"06/01/2021","113,600","114,000","114,000","113,200","3.70K","0.09%"
"05/31/2021","113,500","114,500","114,600","113,500","4.30K","-0.87%"
"05/28/2021","114,500","115,000","115,000","114,500","2.03K","-0.43%"
"05/27/2021","115,000","106,200","115,000","106,200","2.40K","-2.54%"
"05/26/2021","118,000","119,000","119,000","117,500","1.31K","-0.84%"
"05/25/2021","119,000","119,000","120,000","119,000","0.70K","-0.75%"
"05/24/2021","119,900","115,000","120,000","115,000","0.41K","3.36%"
"05/21/2021","116,000","115,000","116,000","115,000","18.51K","0.87%"
"05/20/2021","115,000","115,000","115,000","114,000","10.30K","0.00%"
"05/19/2021","115,000","104,100","115,000","104,100","2.30K","0.00%"
"05/18/2021","115,000","115,000","115,000","115,000","2.10K","0.00%"
"05/17/2021","115,000","115,000","115,000","114,100","4.22K","0.00%"
"05/14/2021","115,000","115,000","115,000","113,100","6.40K","0.00%"
"05/13/2021","115,000","113,000","115,000","113,000","1.13K","2.31%"
"05/12/2021","112,400","112,000","112,400","112,000","0.50K","1.26%"
"05/11/2021","111,000","111,000","111,000","111,000","0.27K","0.45%"
"05/10/2021","110,500","103,500","118,000","103,500","5.60K","-3.91%"
"05/07/2021","115,000","115,000","115,500","115,000","2.20K","-0.86%"
"05/06/2021","116,000","115,000","116,000","115,000","3.11K","-0.77%"
"05/05/2021","116,900","102,600","117,000","102,600","2.75K","2.54%"
"05/04/2021","114,000","115,100","115,100","114,000","3.80K","-0.87%"
"04/29/2021","115,000","115,000","115,000","115,000","","-1.71%"
"04/28/2021","117,000","114,000","117,000","113,000","1.32K","2.63%"
"04/27/2021","114,000","114,000","114,000","113,000","2.30K","0.00%"
"04/26/2021","114,000","113,000","116,900","113,000","3.20K","0.88%"
"04/23/2021","113,000","117,500","117,500","112,500","2.00K","-3.42%"
"04/22/2021","117,000","118,200","118,200","117,000","4.41K","-1.02%"
"04/20/2021","118,200","120,000","120,000","118,200","1.60K","0.17%"
"04/19/2021","118,000","120,000","120,000","117,000","4.91K","-1.67%"
"04/16/2021","120,000","120,000","120,000","118,100","1.90K","-0.17%"
"04/15/2021","120,200","120,000","120,200","120,000","1.11K","0.25%"
"04/14/2021","119,900","121,000","125,000","119,800","5.07K","-0.91%"
"04/13/2021","121,000","124,400","124,400","121,000","2.00K","-2.73%"
"04/12/2021","124,400","124,500","125,000","124,300","6.44K","-0.08%"
"04/09/2021","124,500","124,600","128,000","124,500","12.71K","0.00%"
"04/08/2021","124,500","124,500","124,500","124,500","1.71K","0.08%"
"04/07/2021","124,400","125,400","126,000","123,000","1.68K","-0.80%"
"04/06/2021","125,400","126,000","126,000","125,400","1.90K","-0.48%"
"04/05/2021","126,000","126,000","127,500","125,500","3.51K","-1.25%"
"04/02/2021","127,600","126,500","130,000","124,000","3.50K","0.08%"
"04/01/2021","127,500","122,000","128,000","122,000","3.63K","-1.16%"
"03/31/2021","129,000","129,100","129,100","119,000","7.20K","-0.08%"
"03/30/2021","129,100","130,400","132,300","129,000","8.61K","-3.66%"
"03/29/2021","134,000","134,100","135,500","133,100","6.30K","-2.47%"
"03/26/2021","137,400","142,000","142,000","134,900","6.95K","-4.25%"
"03/25/2021","143,500","143,000","143,500","142,000","14.91K","0.35%"
"03/24/2021","143,000","144,400","144,400","142,200","18.94K","0.00%"
"03/23/2021","143,000","142,600","143,600","142,000","12.20K","0.28%"
"03/22/2021","142,600","138,300","144,000","138,300","10.13K","3.18%"
"03/19/2021","138,200","140,000","140,000","138,200","6.01K","-0.86%"
"03/18/2021","139,400","138,600","140,000","138,300","10.60K","-0.78%"
"03/17/2021","140,500","141,000","141,000","139,800","8.53K","0.36%"
"03/16/2021","140,000","140,000","141,000","138,000","6.80K","0.07%"
"03/15/2021","139,900","142,000","143,900","137,500","15.59K","0.00%"
"03/12/2021","139,900","148,000","148,000","137,000","17.50K","-5.47%"
"03/11/2021","148,000","148,000","159,700","148,000","24.95K","1.93%"
"03/10/2021","145,200","138,000","145,200","138,000","35.40K","10.00%"
"03/09/2021","132,000","123,800","132,000","123,800","28.08K","10.00%"
"03/08/2021","120,000","116,900","123,500","116,900","1.05K","5.08%"
"03/05/2021","114,200","114,000","114,200","114,000","0.42K","-0.70%"
"03/04/2021","115,000","114,300","115,000","114,200","1.20K","0.88%"
"03/03/2021","114,000","114,000","114,000","114,000","1.02K","-0.87%"
"03/02/2021","115,000","112,200","115,000","112,000","1.70K","2.50%"
"03/01/2021","112,200","112,000","115,000","112,000","0.61K","0.18%"
"02/26/2021","112,000","113,000","113,000","112,000","1.70K","1.82%"
"02/25/2021","110,000","108,400","110,900","108,400","2.63K","1.38%"
"02/24/2021","108,500","108,000","108,500","108,000","1.66K","-1.09%"
"02/23/2021","109,700","106,000","109,700","106,000","2.70K","4.48%"
"02/22/2021","105,000","105,000","108,000","105,000","1.24K","0.96%"
"02/19/2021","104,000","101,900","104,000","101,900","1.51K","3.07%"
"02/18/2021","100,900","99,500","101,000","99,500","4.04K","1.31%"
"02/17/2021","99,600","96,200","99,600","96,200","1.36K","0.00%"
"02/09/2021","99,600","99,100","100,000","99,100","0.31K","-0.40%"
"02/08/2021","100,000","98,900","100,000","98,900","2.11K","1.01%"
"02/05/2021","99,000","94,500","99,000","94,500","0.40K","4.87%"
"02/04/2021","94,400","94,400","94,400","94,400","0.10K","-4.74%"
"02/03/2021","99,100","98,700","99,100","98,700","0.60K","0.10%"
"02/02/2021","99,000","100,000","100,000","99,000","1.18K","0.00%"
"02/01/2021","99,000","99,000","102,000","99,000","1.50K","0.10%"
"01/29/2021","98,900","98,900","98,900","98,900","0.13K","5.21%"
"01/28/2021","94,000","90,000","94,000","89,100","3.81K","-4.95%"
"01/27/2021","98,900","101,000","101,000","98,900","0.30K","-5.81%"
"01/26/2021","105,000","104,000","107,900","104,000","1.22K","1.94%"
"01/25/2021","103,000","98,000","107,800","98,000","2.25K","5.10%"
"01/22/2021","98,000","98,000","98,000","98,000","2.03K","5.38%"
"01/21/2021","93,000","89,500","93,000","89,500","1.94K","0.65%"
"01/20/2021","92,400","90,000","92,400","90,000","3.60K","2.67%"
"01/19/2021","90,000","89,200","90,000","88,300","18.81K","1.01%"
"01/18/2021","89,100","88,100","89,100","88,100","5.89K","0.11%"
"01/15/2021","89,000","88,000","89,000","88,000","20.00K","5.95%"
"01/14/2021","84,000","88,000","88,000","84,000","12.84K","-4.55%"
"01/13/2021","88,000","88,500","88,500","88,000","4.70K","-0.56%"
"01/12/2021","88,500","88,500","88,500","88,500","2.80K","0.00%"
"01/11/2021","88,500","88,000","88,500","88,000","0.30K","-1.67%"
"01/08/2021","90,000","86,500","90,000","86,000","8.40K","2.86%"
"01/07/2021","87,500","87,500","87,500","87,000","1.00K","0.57%"
"01/06/2021","87,000","78,300","87,000","78,300","0.91K","0.00%"
"01/05/2021","87,000","87,000","87,000","87,000","0.33K","0.23%"
"01/04/2021","86,800","86,800","87,000","86,800","1.43K","0.00%"
"12/31/2020","86,800","78,200","86,800","78,200","0.79K","0.00%"
"12/30/2020","86,800","85,500","86,900","85,500","10.79K","3.09%"
"12/29/2020","84,200","84,200","84,200","84,200","0.12K","0.00%"
"12/28/2020","84,200","77,400","84,200","77,400","0.54K","-2.09%"
"12/24/2020","86,000","85,000","86,000","85,000","6.10K","3.61%"
"12/23/2020","83,000","83,000","83,000","83,000","0.15K","1.22%"
"12/22/2020","82,000","82,000","82,000","82,000","0.10K","-4.65%"
"12/21/2020","86,000","86,000","86,000","86,000","0.11K","1.18%"
"12/17/2020","85,000","85,000","85,000","85,000","0.20K","0.00%"
"12/16/2020","85,000","85,100","85,300","85,000","1.35K","-1.16%"
"12/15/2020","86,000","84,600","86,000","84,600","3.70K","1.78%"
"12/14/2020","84,500","83,200","84,500","83,200","2.80K","1.81%"
"12/11/2020","83,000","82,500","83,000","82,500","1.26K","0.12%"
"12/10/2020","82,900","82,900","82,900","82,900","0.10K","0.48%"
"12/09/2020","82,500","82,900","82,900","82,000","5.40K","0.61%"
"12/08/2020","82,000","82,900","82,900","82,000","2.21K","0.00%"
"12/07/2020","82,000","81,800","82,000","81,600","2.30K","0.49%"
"12/04/2020","81,600","82,000","82,000","81,500","2.60K","0.12%"
"12/03/2020","81,500","81,500","81,500","81,500","0.10K","0.00%"
"12/02/2020","81,500","81,500","81,500","81,500","0.11K","-1.81%"
"11/30/2020","83,000","83,000","83,000","83,000","2.00K","0.00%"
"11/27/2020","83,000","83,000","83,000","83,000","3.70K","1.10%"
"11/26/2020","82,100","82,000","83,000","82,000","9.35K","0.12%"
"11/25/2020","82,000","82,000","82,000","82,000","1.60K","0.00%"
"11/24/2020","82,000","82,000","82,000","82,000","1.12K","0.00%"
"11/23/2020","82,000","80,000","82,000","80,000","1.41K","3.67%"
"11/19/2020","79,100","79,100","79,100","79,100","0.13K","-5.72%"
"11/16/2020","83,900","83,900","83,900","83,900","0.21K","-0.12%"
"11/13/2020","84,000","85,000","86,000","84,000","1.70K","-1.18%"
"11/12/2020","85,000","84,000","85,000","84,000","14.14K","1.19%"
"11/11/2020","84,000","76,100","84,000","76,100","7.30K","1.20%"
"11/10/2020","83,000","80,000","83,000","80,000","0.40K","5.06%"
"11/09/2020","79,000","79,000","79,000","79,000","0.54K","2.60%"
"11/06/2020","77,000","82,000","82,000","77,000","1.70K","-6.10%"
"11/05/2020","82,000","82,100","82,100","82,000","2.10K","-0.12%"
"11/04/2020","82,100","83,500","83,500","82,100","0.40K","-1.08%"
"11/03/2020","83,000","83,000","83,000","83,000","2.30K","0.97%"
"11/02/2020","82,200","82,000","82,500","82,000","0.40K","0.24%"
"10/30/2020","82,000","79,900","83,000","79,900","7.40K","1.23%"
"10/29/2020","81,000","81,000","81,000","81,000","0.50K","-0.61%"
"10/28/2020","81,500","81,600","81,600","81,500","5.30K","0.00%"
"10/27/2020","81,500","75,100","81,500","75,100","0.40K","-0.61%"
"10/26/2020","82,000","82,500","83,000","82,000","2.35K","0.61%"
"10/23/2020","81,500","82,500","82,500","81,500","2.10K","0.00%"
"10/22/2020","81,500","81,500","81,500","81,500","5.00K","5.71%"
"10/21/2020","77,100","81,000","81,000","77,000","8.15K","-4.81%"
"10/20/2020","81,000","82,400","82,500","81,000","14.40K","-1.70%"
"10/19/2020","82,400","77,500","82,600","77,500","7.40K","-0.24%"
"10/16/2020","82,600","82,600","82,600","82,600","0.10K","4.56%"
"10/15/2020","79,000","71,100","79,000","71,100","0.60K","0.00%"
"10/14/2020","79,000","79,000","79,000","79,000","1.20K","-1.25%"
"10/13/2020","80,000","81,000","81,000","79,000","0.75K","3.76%"
"10/12/2020","77,100","74,700","77,100","74,700","0.20K","-7.11%"
"10/09/2020","83,000","73,100","83,900","73,100","0.30K","6.41%"
"10/07/2020","78,000","75,400","78,000","75,400","0.20K","-6.81%"
"10/06/2020","83,700","83,000","83,700","83,000","13.20K","0.84%"
"10/05/2020","83,000","83,100","83,200","83,000","2.85K","0.00%"
"10/02/2020","83,000","78,500","83,000","78,500","12.26K","6.41%"
"10/01/2020","78,000","77,000","78,400","77,000","4.15K","1.56%"
"09/30/2020","76,800","76,800","76,800","76,800","2.21K","-1.79%"
"09/29/2020","78,200","76,000","78,200","76,000","6.00K","2.89%"
"09/28/2020","76,000","75,300","76,000","75,200","8.70K","1.06%"
"09/25/2020","75,200","76,000","76,000","75,200","3.14K","0.27%"
"09/24/2020","75,000","75,000","75,500","75,000","12.50K","0.00%"
"09/23/2020","75,000","76,000","76,000","75,000","0.50K","0.00%"
"09/22/2020","75,000","74,900","75,000","74,900","3.90K","0.13%"
"09/21/2020","74,900","74,900","75,000","74,900","1.41K","-0.13%"
"09/18/2020","75,000","74,900","75,000","74,900","0.50K","0.13%"
"09/17/2020","74,900","73,500","74,900","73,500","8.00K","1.90%"
"09/15/2020","73,500","74,000","74,000","73,200","2.59K","0.41%"
"09/11/2020","73,200","73,200","73,200","73,200","0.10K","0.14%"
"09/10/2020","73,100","73,100","73,100","73,100","11.61K","0.00%"
"09/09/2020","73,100","73,100","73,100","73,100","0.22K","0.00%"
"09/08/2020","73,100","73,100","73,100","73,100","0.10K","-2.53%"
"09/07/2020","75,000","75,000","75,000","75,000","0.40K","0.00%"
"09/04/2020","75,000","74,500","75,000","74,000","6.15K","1.35%"
"09/03/2020","74,000","74,000","74,500","74,000","4.05K","0.00%"
"09/01/2020","74,000","74,000","74,000","74,000","3.18K","0.68%"
"08/31/2020","73,500","72,700","73,500","72,700","3.45K","0.14%"
"08/28/2020","73,400","73,000","73,400","73,000","3.50K","0.55%"
"08/27/2020","73,000","72,000","73,000","71,500","2.33K","1.39%"
"08/25/2020","72,000","73,000","73,000","71,000","1.33K","-0.69%"
"08/24/2020","72,500","71,900","72,500","71,900","3.75K","1.40%"
"08/21/2020","71,500","70,500","71,500","70,500","0.55K","0.00%"
"08/19/2020","71,500","71,500","71,500","71,500","0.42K","0.00%"
"08/18/2020","71,500","71,000","72,000","71,000","1.10K","0.56%"
"08/17/2020","71,100","71,000","71,100","71,000","0.63K","0.14%"
"08/14/2020","71,000","71,000","72,500","71,000","2.39K","1.43%"
"08/12/2020","70,000","71,000","71,000","70,000","0.20K","0.14%"
"08/11/2020","69,900","69,100","70,000","69,100","0.73K","-2.78%"
"08/10/2020","71,900","72,700","72,700","71,900","0.20K","-1.10%"
"08/06/2020","72,700","71,500","72,900","71,500","2.08K","1.68%"
"08/05/2020","71,500","70,100","71,500","70,100","5.20K","2.14%"
"08/04/2020","70,000","69,500","70,000","69,500","1.31K","1.30%"
"07/31/2020","69,100","69,200","69,200","69,100","4.40K","0.00%"
"07/30/2020","69,100","68,000","69,100","68,000","1.14K","-1.99%"
"07/29/2020","70,500","67,500","70,500","67,500","0.24K","4.44%"
"07/28/2020","67,500","68,000","68,000","67,500","0.24K","0.75%"
"07/27/2020","67,000","69,900","70,000","66,000","4.80K","-4.29%"
"07/24/2020","70,000","70,000","70,000","68,000","2.33K","0.00%"
"07/23/2020","70,000","70,000","70,000","70,000","0.50K","0.00%"
"07/22/2020","70,000","68,000","70,000","65,000","3.05K","-0.71%"
"07/21/2020","70,500","70,500","70,500","70,500","1.50K","0.71%"
"07/20/2020","70,000","70,000","70,500","70,000","10.14K","0.00%"
"07/17/2020","70,000","70,900","70,900","70,000","2.76K","0.00%"
"07/15/2020","70,000","70,000","70,000","70,000","0.20K","-1.41%"
"07/14/2020","71,000","71,000","71,000","71,000","0.50K","2.16%"
"07/13/2020","69,500","72,000","72,500","69,500","2.20K","-3.47%"
"07/09/2020","72,000","71,000","72,000","71,000","2.92K","1.41%"
"07/08/2020","71,000","70,000","72,000","70,000","5.22K","0.00%"
"07/07/2020","71,000","71,000","71,000","69,000","3.20K","0.00%"
"07/06/2020","71,000","69,500","71,000","68,000","4.46K","0.00%"
"07/03/2020","71,000","68,000","71,000","68,000","1.10K","4.41%"
"07/02/2020","68,000","67,900","68,000","67,900","0.76K","0.00%"
"07/01/2020","68,000","68,000","68,500","68,000","6.50K","0.74%"
"06/30/2020","67,500","65,900","67,500","65,900","11.55K","2.27%"
"06/29/2020","66,000","66,000","66,000","65,000","3.95K","-2.94%"
"06/25/2020","68,000","67,700","68,000","67,300","1.31K","0.00%"
"06/24/2020","68,000","68,000","68,000","68,000","0.30K","0.00%"
"06/23/2020","68,000","70,000","70,000","68,000","1.10K","-0.73%"
"06/22/2020","68,500","68,500","68,700","67,500","4.93K","0.00%"
"06/19/2020","68,500","68,500","68,500","68,000","3.30K","0.74%"
"06/18/2020","68,000","65,800","68,000","65,800","12.20K","1.64%"
"06/17/2020","66,900","67,000","67,000","66,000","6.38K","0.00%"
"06/16/2020","66,900","67,000","67,000","66,900","0.75K","-0.15%"
"06/15/2020","67,000","65,200","67,000","65,200","2.04K","2.76%"
"06/12/2020","65,200","65,200","65,200","65,200","3.68K","-1.06%"
"06/11/2020","65,900","68,000","68,000","65,900","13.83K","-1.64%"
"06/10/2020","67,000","69,900","69,900","67,000","18.88K","-4.15%"
"06/09/2020","69,900","70,000","70,000","69,200","2.85K","1.16%"
"06/08/2020","69,100","71,000","71,000","68,000","13.26K","-2.68%"
"06/05/2020","71,000","72,000","72,000","69,000","10.19K","-2.47%"
"06/04/2020","72,800","74,000","74,000","72,700","4.44K","-1.62%"
"06/03/2020","74,000","78,000","78,000","71,700","6.08K","-10.84%"
"06/02/2020","83,000","83,000","83,500","82,900","21.30K","-1.66%"
"06/01/2020","84,400","85,000","85,800","82,500","15.65K","1.08%"
"05/29/2020","83,500","81,000","85,000","81,000","5.05K","3.09%"
"05/28/2020","81,000","81,500","81,500","81,000","4.62K","0.00%"
"05/27/2020","81,000","79,500","82,200","79,500","11.12K","-1.82%"
"05/26/2020","82,500","83,000","83,000","82,000","13.01K","-0.60%"
"05/25/2020","83,000","86,000","86,500","83,000","15.81K","-2.70%"
"05/22/2020","85,300","83,500","90,600","83,500","20.63K","3.52%"
"05/21/2020","82,400","75,200","82,500","75,200","63.90K","9.87%"
"05/20/2020","75,000","75,000","75,000","75,000","2.00K","0.00%"
"05/19/2020","75,000","76,900","76,900","74,500","1.84K","0.67%"
"05/18/2020","74,500","74,500","74,500","74,500","0.52K","0.00%"
"05/15/2020","74,500","72,300","74,500","72,300","5.61K","3.04%"
"05/14/2020","72,300","69,500","72,300","69,500","2.31K","4.03%"
"05/13/2020","69,500","69,000","69,500","68,700","3.10K","0.00%"
"05/12/2020","69,500","69,100","69,500","69,100","0.21K","-0.57%"
"05/11/2020","69,900","68,000","69,900","68,000","3.27K","4.33%"
"05/08/2020","67,000","67,000","67,000","67,000","0.10K","-2.90%"
"05/07/2020","69,000","68,800","69,000","68,800","3.00K","0.00%"
"05/06/2020","69,000","67,000","69,000","67,000","1.70K","5.34%"
"05/04/2020","65,500","65,500","65,500","65,500","0.40K","0.00%"
"04/29/2020","65,500","65,500","65,500","65,500","0.10K","0.46%"
"04/28/2020","65,200","66,000","66,000","65,200","1.79K","-1.21%"
"04/27/2020","66,000","67,000","67,000","66,000","1.21K","1.54%"
"04/24/2020","65,000","65,000","65,000","65,000","0.21K","-0.31%"
"04/23/2020","65,200","65,200","65,200","65,200","0.25K","0.31%"
"04/22/2020","65,000","65,000","65,000","65,000","0.41K","0.00%"
"04/21/2020","65,000","65,000","65,000","65,000","1.11K","0.00%"
"04/20/2020","65,000","65,000","65,000","65,000","5.30K","0.00%"
"04/17/2020","65,000","65,000","65,000","65,000","0.80K","1.56%"
"04/16/2020","64,000","64,500","64,500","64,000","1.30K","0.00%"
"04/14/2020","64,000","63,500","64,000","63,500","0.70K","5.09%"
"04/10/2020","60,900","63,000","63,000","60,900","0.50K","-4.84%"
"04/08/2020","64,000","64,000","64,000","64,000","4.75K","-7.25%"
"04/06/2020","69,000","63,000","69,000","63,000","1.38K","9.52%"
"04/03/2020","63,000","63,000","63,000","63,000","3.50K","0.00%"
"03/31/2020","63,000","63,000","63,000","63,000","0.19K","0.00%"
"03/30/2020","63,000","62,000","63,000","61,000","18.41K","1.61%"
"03/27/2020","62,000","65,000","65,000","62,000","0.23K","-4.62%"
"03/26/2020","65,000","65,000","65,100","65,000","6.10K","0.00%"
"03/25/2020","65,000","65,000","65,000","65,000","0.57K","4.84%"
"03/24/2020","62,000","63,000","63,000","62,000","5.19K","-3.13%"
"03/23/2020","64,000","64,000","64,000","64,000","0.80K","-4.48%"
"03/20/2020","67,000","67,000","67,000","67,000","16.00K","0.00%"
"03/19/2020","67,000","66,000","67,500","66,000","2.61K","3.08%"
"03/16/2020","65,000","65,000","65,200","65,000","5.01K","0.15%"
"03/13/2020","64,900","65,000","65,000","64,900","4.35K","-0.92%"
"03/12/2020","65,500","65,500","65,600","65,500","0.80K","-4.38%"
"03/11/2020","68,500","69,000","69,000","68,500","3.40K","-0.72%"
"03/10/2020","69,000","69,000","69,000","69,000","4.35K","-1.43%"
"03/09/2020","70,000","70,200","70,200","70,000","1.34K","-1.41%"
"03/06/2020","71,000","71,000","71,000","71,000","10.10K","1.14%"
"03/05/2020","70,200","70,200","70,200","70,200","0.10K","-1.13%"
"03/04/2020","71,000","71,000","71,000","71,000","0.11K","0.00%"
"03/03/2020","71,000","71,000","71,000","71,000","7.10K","0.00%"
"03/02/2020","71,000","72,600","72,600","71,000","16.40K","-2.20%"
"02/28/2020","72,600","72,600","72,600","72,600","0.10K","2.98%"
"02/26/2020","70,500","70,500","70,500","70,500","0.51K","-0.70%"
"02/25/2020","71,000","71,000","71,000","71,000","1.90K","0.71%"
"02/24/2020","70,500","70,500","70,500","70,500","0.11K","0.71%"
"02/21/2020","70,000","70,000","70,300","70,000","1.60K","-6.54%"
"02/19/2020","74,900","74,000","74,900","74,000","3.60K","0.27%"
"02/18/2020","74,700","74,700","74,700","74,700","0.11K","-0.13%"
"02/14/2020","74,800","74,800","74,800","74,800","0.24K","-0.13%"
"02/07/2020","74,900","74,900","74,900","74,900","0.13K","5.49%"
"02/05/2020","71,000","71,000","71,000","71,000","0.30K","0.00%"
"02/04/2020","71,000","75,000","75,000","71,000","1.12K","-4.05%"
"02/03/2020","74,000","74,000","74,000","74,000","0.12K","-1.33%"
"01/22/2020","75,000","74,000","75,000","74,000","14.60K","1.35%"
"01/21/2020","74,000","75,000","75,000","74,000","5.90K","-1.33%"
"01/17/2020","75,000","78,000","78,000","75,000","6.01K","0.00%"
"01/16/2020","75,000","75,000","75,000","75,000","0.10K","0.00%"
"01/15/2020","75,000","74,500","75,000","74,500","9.51K","0.00%"
"01/14/2020","75,000","74,500","75,000","74,500","2.00K","5.63%"
"01/13/2020","71,000","71,000","71,000","71,000","0.21K","-5.33%"
"01/10/2020","75,000","74,000","75,000","74,000","4.50K","1.35%"
"01/09/2020","74,000","74,000","74,000","74,000","2.50K","0.00%"
"01/08/2020","74,000","71,000","74,000","71,000","0.65K","4.23%"
"01/07/2020","71,000","73,900","74,000","71,000","0.30K","0.00%"
"01/03/2020","71,000","71,000","71,000","71,000","0.20K","2.90%"
"01/02/2020","69,000","69,000","69,000","69,000","0.10K","-6.76%"
"12/27/2019","74,000","74,000","74,000","74,000","0.52K","0.00%"
"12/26/2019","74,000","74,000","74,000","74,000","2.00K","0.00%"
"12/25/2019","74,000","74,000","74,000","74,000","0.10K","0.00%"
"12/24/2019","74,000","74,000","74,000","74,000","2.00K","0.00%"
"12/23/2019","74,000","74,000","74,000","73,900","3.29K","-0.13%"
"12/20/2019","74,100","74,100","74,100","74,100","0.30K","0.00%"
"12/18/2019","74,100","74,000","74,100","74,000","3.33K","0.14%"
"12/17/2019","74,000","74,000","74,000","73,000","10.41K","1.37%"
"12/16/2019","73,000","72,500","73,000","72,500","1.70K","-7.36%"
"12/11/2019","78,800","66,500","78,800","66,500","0.45K","7.95%"
"12/09/2019","73,000","73,000","73,000","73,000","0.10K","0.00%"
"12/04/2019","73,000","72,000","73,000","72,000","0.36K","-0.68%"
"12/03/2019","73,500","73,500","73,500","73,500","0.26K","-0.68%"
"12/02/2019","74,000","70,000","74,000","70,000","2.31K","-3.90%"
"11/29/2019","77,000","72,000","77,000","72,000","6.50K","5.77%"
"11/28/2019","72,800","70,000","72,800","70,000","3.34K","1.11%"
"11/27/2019","72,000","70,500","72,000","70,500","5.51K","2.13%"
"11/26/2019","70,500","69,000","70,500","69,000","3.40K","0.71%"
"11/22/2019","70,000","70,000","70,000","70,000","1.49K","0.00%"
"11/21/2019","70,000","71,000","71,000","70,000","6.70K","-1.41%"
"11/20/2019","71,000","71,000","71,000","71,000","0.20K","-1.39%"
"11/19/2019","72,000","72,500","72,500","72,000","2.10K","-0.55%"
"11/18/2019","72,400","69,000","72,500","69,000","9.00K","4.93%"
"11/15/2019","69,000","69,000","69,000","69,000","3.80K","1.02%"
"11/14/2019","68,300","68,000","68,300","68,000","0.40K","1.94%"
"11/12/2019","67,000","65,900","67,000","65,900","4.60K","1.98%"
"11/11/2019","65,700","65,000","65,700","65,000","3.50K","1.86%"
"11/08/2019","64,500","64,500","64,500","64,500","0.51K","-0.46%"
"11/06/2019","64,800","64,800","64,800","64,800","0.80K","-1.82%"
"11/05/2019","66,000","66,000","66,000","66,000","0.20K","1.54%"
"11/04/2019","65,000","65,000","65,000","65,000","2.26K","0.00%"
"11/01/2019","65,000","64,000","65,000","64,000","5.01K","0.78%"
"10/31/2019","64,500","64,000","64,500","64,000","0.50K","0.00%"
"10/30/2019","64,500","63,700","64,500","63,700","1.60K","0.78%"
"10/29/2019","64,000","64,500","64,500","64,000","2.93K","0.00%"
"10/28/2019","64,000","64,000","64,000","64,000","2.41K","0.00%"
"10/24/2019","64,000","63,600","64,000","63,600","1.90K","0.00%"
"10/23/2019","64,000","63,500","64,000","63,500","3.50K","0.00%"
"10/22/2019","64,000","64,000","64,000","64,000","1.71K","0.00%"
"10/21/2019","64,000","64,600","64,600","64,000","3.56K","-0.78%"
"10/18/2019","64,500","64,500","64,500","64,500","0.80K","0.00%"
"10/17/2019","64,500","65,000","65,000","64,500","3.61K","-1.38%"
"10/16/2019","65,400","63,500","65,400","63,500","0.20K","3.48%"
"10/15/2019","63,200","63,200","63,200","63,200","0.11K","-2.02%"
"10/14/2019","64,500","65,000","65,000","64,500","4.85K","-0.77%"
"10/11/2019","65,000","65,400","65,400","65,000","0.33K","0.00%"
"10/10/2019","65,000","65,000","65,000","65,000","0.23K","2.36%"
"10/09/2019","63,500","63,500","63,500","63,500","0.78K","-0.78%"
"10/08/2019","64,000","63,500","64,000","63,500","1.97K","11.11%"
"10/07/2019","57,600","57,600","57,600","57,600","","-10.00%"
"10/04/2019","64,000","65,400","65,400","64,000","2.70K","-0.78%"
"10/03/2019","64,500","64,000","64,500","64,000","3.31K","0.78%"
"10/02/2019","64,000","64,600","64,600","64,000","2.21K","-2.29%"
"09/30/2019","65,500","66,000","66,000","65,000","2.10K","2.18%"
"09/27/2019","64,100","64,000","65,800","64,000","1.20K","0.16%"
"09/26/2019","64,000","62,600","64,000","62,600","8.46K","2.24%"
"09/25/2019","62,600","61,900","62,600","61,900","2.61K","1.13%"
"09/24/2019","61,900","62,000","62,000","61,700","4.60K","0.32%"
"09/23/2019","61,700","62,000","62,000","61,700","2.71K","-0.64%"
"09/20/2019","62,100","62,000","62,100","62,000","1.65K","0.16%"
"09/19/2019","62,000","62,000","62,000","62,000","0.83K","0.00%"
"09/18/2019","62,000","62,000","62,000","62,000","1.20K","0.00%"
"09/17/2019","62,000","62,000","62,300","62,000","1.94K","0.00%"
"09/16/2019","62,000","62,000","62,000","61,900","5.33K","0.00%"
"09/13/2019","62,000","63,000","63,000","62,000","1.31K","0.00%"
"09/12/2019","62,000","62,200","62,200","62,000","5.06K","-0.32%"
"09/11/2019","62,200","62,500","62,500","62,200","0.70K","-0.48%"
"09/10/2019","62,500","63,000","63,000","62,500","0.94K","-0.48%"
"09/09/2019","62,800","62,500","62,800","62,500","1.52K","0.80%"
"09/06/2019","62,300","62,500","62,500","62,300","1.71K","0.00%"
"09/05/2019","62,300","62,300","62,900","62,300","3.30K","0.00%"
"09/04/2019","62,300","62,000","62,300","62,000","1.50K","0.48%"
"09/03/2019","62,000","62,000","62,500","62,000","5.22K","0.00%"
"08/30/2019","62,000","62,500","62,500","62,000","3.35K","-0.80%"
"08/29/2019","62,500","62,500","62,500","62,000","4.21K","0.00%"
"08/28/2019","62,500","62,500","62,600","62,500","6.01K","0.64%"
"08/27/2019","62,100","62,500","62,500","61,600","5.10K","-0.48%"
"08/23/2019","62,400","62,500","62,500","62,400","0.26K","-0.32%"
"08/22/2019","62,600","62,600","62,600","62,600","1.71K","-1.26%"
"08/21/2019","63,400","63,400","63,400","63,400","2.92K","0.00%"
"08/20/2019","63,400","63,500","63,500","62,500","1.65K","-0.16%"
"08/19/2019","63,500","64,000","64,000","62,900","6.70K","0.00%"
"08/16/2019","63,500","63,200","63,500","63,000","4.26K","0.79%"
"08/15/2019","63,000","63,000","63,000","63,000","2.07K","0.00%"
"08/14/2019","63,000","62,500","63,000","62,500","5.30K","0.80%"
"08/13/2019","62,500","62,900","63,000","62,500","2.20K","-0.16%"
"08/12/2019","62,600","62,400","62,600","62,300","2.13K","0.16%"
"08/09/2019","62,500","62,200","62,500","62,100","0.31K","0.32%"
"08/08/2019","62,300","63,000","63,000","62,300","7.55K","-1.11%"
"08/07/2019","63,000","63,000","63,000","63,000","0.38K","-1.56%"
"08/06/2019","64,000","65,000","65,500","64,000","9.61K","-1.54%"
"08/05/2019","65,000","63,000","65,000","63,000","1.81K","0.31%"
"08/02/2019","64,800","65,000","65,000","64,500","3.15K","-0.31%"
"08/01/2019","65,000","62,000","65,000","62,000","12.82K","4.84%"
"07/31/2019","62,000","61,800","62,000","61,800","4.47K","0.98%"
"07/30/2019","61,400","62,000","62,000","61,400","3.20K","-0.97%"
"07/29/2019","62,000","62,000","62,000","62,000","2.06K","0.00%"
"07/26/2019","62,000","62,000","62,000","61,000","6.43K","0.00%"
"07/25/2019","62,000","62,000","62,100","62,000","18.90K","0.00%"
"07/24/2019","62,000","62,000","62,000","62,000","4.70K","0.00%"
"07/23/2019","62,000","63,800","63,800","62,000","1.27K","-2.36%"
"07/22/2019","63,500","62,500","64,000","62,400","10.81K","0.79%"
"07/19/2019","63,000","62,000","64,000","62,000","8.30K","1.61%"
"07/18/2019","62,000","62,100","62,100","62,000","2.76K","-1.59%"
"07/17/2019","63,000","63,000","63,000","63,000","0.10K","0.00%"
"07/16/2019","63,000","62,500","63,000","62,500","2.73K","0.80%"
"07/15/2019","62,500","62,000","62,500","62,000","0.46K","0.81%"
"07/12/2019","62,000","62,000","62,500","62,000","1.43K","-1.59%"
"07/11/2019","63,000","63,000","63,000","63,000","0.22K","-1.10%"
"07/10/2019","63,700","62,000","63,700","62,000","1.10K","2.74%"
"07/09/2019","62,000","62,000","62,000","61,700","4.61K","0.00%"
"07/08/2019","62,000","62,000","62,000","62,000","3.26K","0.00%"
"07/05/2019","62,000","62,000","62,000","61,700","7.16K","0.00%"
"07/04/2019","62,000","62,000","62,000","61,800","5.16K","0.00%"
"07/03/2019","62,000","62,000","62,000","62,000","2.58K","0.00%"
"07/02/2019","62,000","63,000","63,000","62,000","1.30K","0.00%"
"07/01/2019","62,000","62,000","62,000","62,000","2.30K","0.32%"
"06/28/2019","61,800","61,800","61,800","61,800","3.15K","0.00%"
"06/27/2019","61,800","61,800","61,800","61,800","0.10K","0.00%"
"06/26/2019","61,800","62,000","62,000","61,600","3.50K","0.49%"
"06/25/2019","61,500","63,000","63,000","61,500","14.20K","-2.23%"
"06/24/2019","62,900","63,500","63,500","62,000","4.97K","-0.16%"
"06/21/2019","63,000","63,000","63,000","63,000","3.00K","-1.25%"
"06/19/2019","63,800","62,000","63,800","61,500","2.10K","2.57%"
"06/18/2019","62,200","62,200","62,200","62,200","0.20K","-2.66%"
"06/17/2019","63,900","62,200","63,900","62,000","1.60K","1.43%"
"06/14/2019","63,000","62,000","64,000","61,500","3.96K","0.48%"
"06/13/2019","62,700","62,500","64,000","62,500","4.32K","-2.03%"
"06/12/2019","64,000","64,000","64,000","64,000","0.11K","3.06%"
"06/11/2019","62,100","62,000","62,100","62,000","3.30K","0.16%"
"06/10/2019","62,000","61,500","62,000","61,500","7.59K","0.81%"
"06/07/2019","61,500","61,000","61,500","61,000","3.16K","0.00%"
"06/06/2019","61,500","61,000","62,500","61,000","7.24K","0.00%"
"06/05/2019","61,500","61,500","62,500","61,500","12.91K","0.00%"
"06/04/2019","61,500","62,500","63,000","61,200","5.51K","-3.91%"
"06/03/2019","64,000","64,500","64,500","64,000","0.30K","-0.78%"
"05/31/2019","64,500","65,000","66,400","64,000","1.90K","-0.77%"
"05/29/2019","65,000","65,000","65,000","64,900","3.30K","0.00%"
"05/28/2019","65,000","66,100","66,100","65,000","6.83K","-2.55%"
"05/27/2019","66,700","66,000","66,800","66,000","6.70K","0.30%"
"05/24/2019","66,500","66,800","67,000","66,000","1.10K","-0.75%"
"05/23/2019","67,000","66,100","67,000","66,100","1.80K","1.36%"
"05/22/2019","66,100","66,500","66,700","66,100","3.11K","0.15%"
"05/21/2019","66,000","66,000","66,000","65,000","2.55K","-1.49%"
"05/20/2019","67,000","68,000","68,000","67,000","1.32K","-0.89%"
"05/17/2019","67,600","67,000","67,600","67,000","0.80K","2.42%"
"05/16/2019","66,000","66,900","66,900","66,000","2.00K","-0.75%"
"05/15/2019","66,500","66,500","67,000","66,500","6.60K","-1.04%"
"05/14/2019","67,200","68,100","68,100","67,200","3.60K","-1.32%"
"05/13/2019","68,100","68,000","68,800","68,000","2.14K","-0.58%"
"05/10/2019","68,500","68,000","69,000","68,000","1.90K","0.74%"
"05/09/2019","68,000","68,000","68,500","67,900","5.00K","0.00%"
"05/08/2019","68,000","69,000","69,000","68,000","3.88K","-4.23%"
"05/06/2019","71,000","71,000","71,000","71,000","0.90K","0.00%"
"05/03/2019","71,000","74,000","74,000","71,000","4.31K","0.42%"
"05/02/2019","70,700","71,354","71,447","70,700","7.02K","-0.92%"
"04/26/2019","71,354","70,980","71,447","70,980","1.90K","1.73%"
"04/25/2019","70,140","70,420","71,821","70,046","7.70K","-1.18%"
"04/24/2019","70,980","70,233","70,980","70,046","4.40K","0.00%"
"04/23/2019","70,980","71,447","71,447","70,980","2.11K","-0.65%"
"04/22/2019","71,447","71,634","71,727","71,354","4.51K","-8.64%"
"04/19/2019","78,200","77,200","78,200","77,000","2.62K","-0.13%"
"04/17/2019","78,300","79,000","79,000","77,400","3.63K","-0.76%"
"04/16/2019","78,900","79,000","79,000","78,900","1.50K","-0.63%"
"04/12/2019","79,400","80,000","80,000","79,000","0.74K","-0.75%"
"04/11/2019","80,000","78,000","80,000","78,000","6.73K","2.56%"
"04/10/2019","78,000","76,900","78,000","76,900","1.00K","1.43%"
"04/09/2019","76,900","75,100","77,200","75,100","1.00K","-0.52%"
"04/08/2019","77,300","77,500","77,500","74,500","6.25K","-0.64%"
"04/05/2019","77,800","79,500","79,500","77,800","4.92K","-2.14%"
"04/04/2019","79,500","80,000","80,000","79,500","1.02K","0.63%"
"04/03/2019","79,000","78,500","79,000","78,000","3.73K","0.00%"
"04/02/2019","79,000","80,000","80,000","78,000","1.20K","-1.25%"
"04/01/2019","80,000","69,200","80,000","69,200","11.10K","4.17%"
"03/29/2019","76,800","76,400","76,800","76,400","0.50K","-0.26%"
"03/28/2019","77,000","77,000","77,000","77,000","0.10K","-0.65%"
"03/27/2019","77,500","77,500","77,500","77,500","0.10K","1.97%"
"03/26/2019","76,000","76,100","76,100","75,500","4.21K","0.00%"
"03/25/2019","76,000","76,000","76,000","76,000","4.64K","0.00%"
"03/22/2019","76,000","75,600","76,000","75,600","2.80K","0.00%"
"03/21/2019","76,000","76,000","76,000","76,000","0.44K","0.00%"
"03/20/2019","76,000","74,500","76,000","74,500","1.55K","-0.39%"
"03/19/2019","76,300","76,500","76,500","75,600","1.41K","-0.26%"
"03/18/2019","76,500","76,500","76,500","76,500","0.34K","0.00%"
"03/15/2019","76,500","80,000","80,000","76,000","2.80K","0.79%"
"03/14/2019","75,900","77,000","77,000","75,700","9.67K","-0.13%"
"03/13/2019","76,000","76,000","76,000","75,600","7.41K","-0.65%"
"03/12/2019","76,500","76,000","76,500","75,600","14.21K","-1.29%"
"03/11/2019","77,500","77,600","77,600","76,000","6.41K","-0.13%"
"03/08/2019","77,600","77,000","77,800","77,000","6.22K","1.70%"
"03/07/2019","76,300","75,000","76,900","74,700","11.57K","2.14%"
"03/06/2019","74,700","74,100","75,000","74,000","3.81K","0.40%"
"03/05/2019","74,400","75,000","75,000","74,000","7.33K","-0.67%"
"03/04/2019","74,900","73,800","75,200","73,800","8.34K","1.49%"
"03/01/2019","73,800","73,000","73,900","73,000","1.54K","0.54%"
"02/28/2019","73,400","73,500","73,500","73,000","15.85K","-2.00%"
"02/27/2019","74,900","75,700","75,700","73,000","2.20K","-0.79%"
"02/26/2019","75,500","72,500","76,300","72,500","11.54K","4.14%"
"02/25/2019","72,500","71,000","73,800","70,500","13.10K","2.84%"
"02/22/2019","70,500","69,000","72,000","69,000","23.44K","3.68%"
"02/21/2019","68,000","68,900","68,900","68,000","2.93K","-1.31%"
"02/20/2019","68,900","68,000","68,900","67,300","5.27K","1.32%"
"02/19/2019","68,000","67,000","68,400","67,000","9.14K","-0.58%"
"02/18/2019","68,400","68,400","68,400","68,400","1.00K","-0.15%"
"02/15/2019","68,500","68,000","70,000","68,000","10.52K","2.09%"
"02/14/2019","67,100","69,000","69,000","67,000","11.24K","-1.32%"
"02/13/2019","68,000","67,000","69,000","65,100","6.06K","3.03%"
"02/12/2019","66,000","64,800","67,000","64,800","1.19K","1.02%"
"02/11/2019","65,333","67,008","67,008","65,240","5.69K","-2.09%"
"02/01/2019","66,729","65,985","66,729","65,147","9.20K","2.43%"
"01/31/2019","65,147","63,286","66,450","63,286","17.84K","-0.85%"
"01/30/2019","65,706","65,985","65,985","64,030","5.60K","-0.56%"
"01/29/2019","66,078","66,078","66,171","64,216","25.57K","-1.39%"
"01/28/2019","67,008","66,450","67,008","65,706","4.73K","0.84%"
"01/25/2019","66,450","64,123","67,753","64,123","7.39K","2.59%"
"01/24/2019","64,775","65,612","65,799","61,797","16.82K","-1.28%"
"01/23/2019","65,612","67,939","67,939","65,333","14.83K","-3.03%"
"01/22/2019","67,660","68,870","68,870","67,474","7.46K","-5.11%"
"01/21/2019","71,300","71,300","78,000","71,300","112.32K","-9.97%"
"01/18/2019","79,200","86,500","86,500","79,200","79.75K","-10.00%"
"01/17/2019","88,000","88,000","88,000","87,100","6.50K","-0.56%"
"01/16/2019","88,500","87,500","88,500","87,000","5.71K","1.14%"
"01/15/2019","87,500","86,500","87,500","85,500","11.93K","0.57%"
"01/14/2019","87,000","87,100","87,500","86,000","13.77K","-0.80%"
"01/11/2019","87,700","87,800","88,300","87,700","2.53K","-0.45%"
"01/10/2019","88,100","90,200","91,000","88,000","8.90K","-3.19%"
"01/09/2019","91,000","91,500","94,500","91,000","18.82K","-0.87%"
"01/08/2019","91,800","88,000","92,000","88,000","19.40K","4.44%"
"01/07/2019","87,900","86,700","87,900","86,700","5.10K","0.00%"
"01/04/2019","87,900","86,700","88,000","86,600","4.87K","1.62%"
"01/03/2019","86,500","85,100","87,900","85,100","6.40K","1.17%"
"01/02/2019","85,500","85,000","92,000","85,000","12.70K","0.59%"
"12/28/2018","85,000","85,000","85,000","85,000","10.01K","-0.58%"
"12/27/2018","85,500","83,000","85,500","83,000","6.80K","0.59%"
"12/26/2018","85,000","84,000","85,000","82,800","3.70K","-0.58%"
"12/25/2018","85,500","82,000","85,600","82,000","3.28K","-0.58%"
"12/24/2018","86,000","86,600","89,000","86,000","6.32K","-0.81%"
"12/21/2018","86,700","85,900","87,100","85,200","10.24K","0.93%"
"12/20/2018","85,900","85,200","86,000","85,200","1.20K","0.00%"
"12/19/2018","85,900","84,000","86,000","84,000","11.80K","2.26%"
"12/18/2018","84,000","85,100","85,100","82,500","2.10K","-1.41%"
"12/17/2018","85,200","85,000","85,200","84,500","5.80K","0.00%"
"12/14/2018","85,200","84,600","85,200","84,500","1.70K","-0.12%"
"12/13/2018","85,300","85,000","85,300","84,100","4.92K","0.35%"
"12/12/2018","85,000","85,000","85,900","84,700","4.86K","-0.58%"
"12/11/2018","85,500","84,900","85,500","84,100","2.02K","0.59%"
"12/10/2018","85,000","84,200","87,000","84,000","4.21K","-2.30%"
"12/07/2018","87,000","88,900","88,900","87,000","7.80K","-2.03%"
"12/06/2018","88,800","89,000","89,000","87,200","1.00K","-0.67%"
"12/05/2018","89,400","89,000","89,400","89,000","9.13K","0.45%"
"12/04/2018","89,000","90,000","90,000","89,000","5.00K","0.00%"
"12/03/2018","89,000","88,000","89,600","88,000","12.70K","1.83%"
"11/30/2018","87,400","87,000","87,400","86,400","10.75K","1.04%"
"11/29/2018","86,500","85,000","87,800","85,000","31.62K","2.37%"
"11/28/2018","84,500","85,400","85,400","84,500","4.33K","-0.94%"
"11/27/2018","85,300","85,500","85,500","84,500","7.92K","0.95%"
"11/26/2018","84,500","84,400","85,000","84,400","12.61K","0.00%"
"11/23/2018","84,500","85,000","85,000","84,500","9.60K","-0.59%"
"11/22/2018","85,000","84,500","85,000","84,500","12.70K","0.00%"
"11/21/2018","85,000","85,000","85,000","84,000","6.64K","0.00%"
"11/20/2018","85,000","84,300","85,100","84,000","8.91K","1.19%"
"11/19/2018","84,000","84,000","84,400","83,600","5.21K","0.48%"
"11/16/2018","83,600","82,100","83,600","82,100","18.75K","0.72%"
"11/15/2018","83,000","83,800","83,800","83,000","4.80K","0.97%"
"11/14/2018","82,200","82,200","84,000","82,100","5.60K","0.12%"
"11/13/2018","82,100","82,500","84,100","81,500","29.20K","-2.49%"
"11/12/2018","84,200","81,000","84,400","81,000","24.60K","3.95%"
"11/09/2018","81,000","81,300","82,400","81,000","3.90K","-0.61%"
"11/08/2018","81,500","82,000","82,000","81,000","8.90K","-0.61%"
"11/07/2018","82,000","82,500","82,500","81,100","10.70K","0.37%"
"11/06/2018","81,700","81,800","82,000","81,600","5.10K","-1.33%"
"11/05/2018","82,800","81,100","82,900","81,000","2.41K","0.98%"
"11/02/2018","82,000","81,600","82,500","81,300","17.70K","0.49%"
"11/01/2018","81,600","83,000","83,000","81,600","5.51K","-0.61%"
"10/31/2018","82,100","83,000","83,000","82,000","16.20K","-1.08%"
"10/30/2018","83,000","83,000","83,000","82,000","10.10K","0.36%"
"10/29/2018","82,700","82,000","83,500","82,000","7.01K","-0.36%"
"10/26/2018","83,000","82,500","83,000","82,000","3.60K","1.22%"
"10/25/2018","82,000","83,600","83,600","81,000","29.30K","-1.91%"
"10/24/2018","83,600","85,500","86,900","83,500","19.70K","-2.22%"
"10/23/2018","85,500","87,500","87,500","84,100","12.90K","-2.29%"
"10/22/2018","87,500","88,100","88,100","86,000","91.25K","9.24%"
"10/19/2018","80,100","80,000","80,600","79,500","13.30K","1.39%"
"10/18/2018","79,000","81,900","82,800","79,000","6.90K","-3.54%"
"10/17/2018","81,900","82,500","82,500","80,600","15.20K","3.55%"
"10/16/2018","79,096","78,037","81,409","78,037","16.22K","0.12%"
"10/15/2018","79,000","78,518","79,000","78,037","13.42K","0.00%"
"10/12/2018","79,000","78,037","79,000","77,073","7.80K","1.23%"
"10/11/2018","78,037","80,927","80,927","77,073","15.92K","-5.70%"
"10/10/2018","82,757","81,023","82,854","81,023","11.50K","-0.35%"
"10/09/2018","83,046","82,757","83,335","82,661","13.30K","0.23%"
"10/08/2018","82,854","84,781","84,781","82,372","21.20K","-3.26%"
"10/05/2018","85,648","85,648","86,226","84,781","15.94K","0.00%"
"10/04/2018","85,648","81,890","86,515","81,409","54.96K","5.21%"
"10/03/2018","81,409","81,890","83,335","80,541","10.40K","0.00%"
"10/02/2018","81,409","81,890","83,239","81,409","3.50K","0.36%"
"10/01/2018","81,120","79,963","81,698","79,963","13.60K","2.68%"
"09/28/2018","79,000","77,362","80,927","77,362","10.41K","2.12%"
"09/27/2018","77,362","77,073","77,844","77,073","12.80K","-0.74%"
"09/26/2018","77,940","77,459","78,037","77,459","7.00K","0.25%"
"09/25/2018","77,748","78,037","78,037","77,555","2.30K","-0.25%"
"09/24/2018","77,940","78,037","78,037","77,073","1.70K","0.50%"
"09/21/2018","77,555","77,073","77,555","77,073","2.20K","-0.37%"
"09/20/2018","77,844","77,073","77,844","76,110","3.80K","-2.18%"
"09/19/2018","79,578","76,206","79,578","75,435","3.50K","5.36%"
"09/18/2018","75,532","75,532","75,532","75,532","0.60K","0.00%"
"09/17/2018","75,532","76,110","76,110","75,146","3.80K","-0.88%"
"09/14/2018","76,206","77,555","77,555","76,206","14.30K","-2.35%"
"09/13/2018","78,037","78,037","78,037","78,037","0.50K","0.00%"
"09/12/2018","78,037","77,940","78,037","77,073","6.20K","-0.49%"
"09/11/2018","78,422","77,362","78,518","77,362","3.40K","-0.73%"
"09/07/2018","79,000","79,000","79,000","77,266","1.80K","0.00%"
"09/06/2018","79,000","79,000","79,096","79,000","3.30K","-0.12%"
"09/05/2018","79,096","79,578","79,578","79,096","1.81K","-0.61%"
"08/31/2018","79,578","79,963","79,963","79,578","5.11K","0.00%"
"08/30/2018","79,578","79,674","79,674","79,578","0.65K","-1.67%"
"08/29/2018","80,927","79,674","80,927","79,578","1.10K","0.00%"
"08/28/2018","80,927","79,578","80,927","79,578","1.32K","2.19%"
"08/27/2018","79,193","79,963","79,963","79,000","2.04K","-0.96%"
"08/24/2018","79,963","80,927","80,927","79,963","1.45K","0.00%"
"08/23/2018","79,963","79,963","79,963","79,963","0.50K","-3.49%"
"08/22/2018","82,854","82,854","82,854","82,854","0.10K","0.00%"
"08/21/2018","82,854","79,963","82,854","79,963","4.80K","4.88%"
"08/20/2018","79,000","79,193","79,193","79,000","2.00K","-1.20%"
"08/17/2018","79,963","78,518","79,963","78,518","1.70K","0.00%"
"08/16/2018","79,963","78,229","80,060","77,940","14.30K","-0.36%"
"08/15/2018","80,252","80,445","80,445","78,037","1.80K","-0.24%"
"08/14/2018","80,445","79,963","80,445","79,482","12.20K","-0.60%"
"08/13/2018","80,927","78,518","80,927","78,422","11.01K","8.39%"
"08/10/2018","74,665","78,229","78,229","72,256","24.00K","-5.49%"
"08/09/2018","79,000","80,445","80,445","78,711","1.65K","-1.80%"
"08/08/2018","80,445","79,963","80,445","79,000","11.80K","0.60%"
"08/07/2018","79,963","80,445","80,445","79,963","2.41K","0.00%"
"08/06/2018","79,963","80,927","80,927","79,963","4.11K","-3.49%"
"08/03/2018","82,854","85,262","85,262","81,890","3.20K","-2.82%"
"08/02/2018","85,262","82,757","90,079","80,927","1.11K","3.03%"
"08/01/2018","82,757","82,854","84,588","80,445","3.40K","-0.12%"
"07/31/2018","82,854","84,781","84,781","79,000","2.96K","-3.37%"
"07/30/2018","85,744","87,671","87,671","85,744","3.14K","-2.20%"
"07/27/2018","87,671","89,598","89,598","86,707","2.10K","-3.19%"
"07/26/2018","90,561","91,043","91,043","90,079","19.76K","1.07%"
"07/25/2018","89,598","89,598","91,428","88,634","13.73K","0.00%"
"07/24/2018","89,598","85,840","89,598","84,781","10.09K","2.20%"
"07/23/2018","87,671","92,488","93,259","87,285","37.33K","3.41%"
"07/20/2018","84,781","79,000","84,781","79,000","126.10K","10.00%"
"07/19/2018","77,073","74,665","77,073","73,220","11.70K","3.90%"
"07/18/2018","74,183","76,495","76,495","74,183","11.00K","-3.02%"
"07/17/2018","76,495","74,665","76,591","74,087","34.70K","3.12%"
"07/16/2018","74,183","69,366","74,183","69,366","17.70K","5.48%"
"07/13/2018","70,329","68,595","70,329","68,402","12.80K","3.55%"
"07/12/2018","67,921","67,921","70,329","67,921","25.00K","0.00%"
"07/11/2018","67,921","67,439","67,921","67,439","2.70K","0.00%"
"07/10/2018","67,921","67,439","67,921","67,439","3.00K","2.17%"
"07/06/2018","66,476","66,476","66,476","66,476","0.90K","-2.82%"
"07/04/2018","68,402","68,402","68,402","68,402","0.10K","2.90%"
"07/03/2018","66,476","67,439","67,439","66,476","1.00K","-2.68%"
"06/29/2018","68,306","68,402","68,402","68,306","1.00K","-0.14%"
"06/28/2018","68,402","68,402","68,402","68,402","2.00K","0.00%"
"06/27/2018","68,402","68,402","68,402","68,402","5.50K","0.00%"
"06/26/2018","68,402","68,402","68,402","68,402","2.60K","0.00%"
"06/25/2018","68,402","68,402","68,402","68,402","3.00K","0.00%"
"06/22/2018","68,402","66,476","68,402","66,476","0.30K","0.00%"
"06/20/2018","68,402","66,476","68,402","66,476","2.50K","0.28%"
"06/19/2018","68,210","66,476","68,210","66,476","0.40K","-0.28%"
"06/15/2018","68,402","67,439","68,402","67,439","8.10K","1.43%"
"06/14/2018","67,439","67,439","67,439","67,439","1.80K","-1.41%"
"06/13/2018","68,402","68,402","68,402","68,402","1.00K","-1.93%"
"06/08/2018","69,751","68,402","69,751","68,402","14.75K","1.40%"
"06/07/2018","68,788","67,439","68,788","67,439","1.90K","2.00%"
"06/06/2018","67,439","67,439","67,439","67,439","0.60K","0.00%"
"06/04/2018","67,439","67,439","67,439","67,439","3.30K","-2.10%"
"05/31/2018","68,884","73,990","73,990","67,439","2.21K","2.14%"
"05/30/2018","67,439","67,439","67,439","67,439","4.50K","0.14%"
"05/29/2018","67,343","65,127","67,343","65,127","6.00K","3.56%"
"05/28/2018","65,031","65,994","65,994","65,031","22.50K","-2.17%"
"05/25/2018","66,476","65,512","66,476","64,549","18.15K","-2.82%"
"05/24/2018","68,402","68,402","68,402","68,402","0.10K","5.97%"
"05/23/2018","64,549","64,549","64,549","64,549","0.30K","-4.29%"
"05/22/2018","67,439","67,439","67,439","67,439","","0.00%"
"05/18/2018","67,439","64,549","67,439","64,549","0.40K","-0.71%"
"05/16/2018","67,921","64,549","67,921","64,549","2.30K","3.68%"
"05/15/2018","65,512","64,549","65,512","64,549","1.10K","-2.72%"
"05/08/2018","67,343","71,293","71,293","64,645","2.10K","3.56%"
"05/07/2018","65,031","64,741","65,031","64,549","2.91K","0.75%"
"05/04/2018","64,549","64,549","65,031","64,549","1.00K","-0.15%"
"05/03/2018","64,645","64,645","64,645","64,645","0.20K","0.00%"
"05/02/2018","64,645","64,549","67,343","64,452","1.41K","0.15%"
"04/27/2018","64,549","67,439","67,439","64,549","8.10K","-4.15%"
"04/26/2018","67,343","65,512","68,402","64,549","1.70K","-4.11%"
"04/24/2018","70,233","70,233","70,233","70,233","1.00K","0.00%"
"04/23/2018","70,233","72,256","72,256","65,031","8.50K","-2.80%"
"04/20/2018","72,256","68,402","72,256","66,090","16.60K","7.30%"
"04/19/2018","67,343","61,659","67,632","59,732","13.60K","9.39%"
"04/18/2018","61,562","62,718","64,549","61,562","4.50K","-1.69%"
"04/17/2018","62,622","62,622","62,622","61,659","1.90K","0.00%"
"04/16/2018","62,622","63,007","63,585","57,901","3.30K","-1.51%"
"04/12/2018","63,585","60,502","63,585","60,502","0.20K","0.00%"
"04/11/2018","63,585","63,585","63,585","63,585","1.00K","6.11%"
"04/10/2018","59,924","59,924","60,021","59,924","3.20K","-4.31%"
"04/09/2018","62,622","62,622","62,622","62,622","1.10K","3.01%"
"04/03/2018","60,791","65,512","65,512","60,695","1.00K","-7.21%"
"04/02/2018","65,512","65,512","65,512","65,512","0.50K","-6.85%"
"03/29/2018","70,329","66,476","70,329","66,476","7.70K","5.80%"
"03/28/2018","66,476","66,090","66,476","65,994","2.60K","0.73%"
"03/27/2018","65,994","65,512","65,994","65,512","2.20K","0.74%"
"03/26/2018","65,512","65,512","65,512","65,512","0.30K","-1.45%"
"03/23/2018","66,476","65,512","66,476","65,512","5.00K","0.44%"
"03/21/2018","66,187","66,476","66,476","66,187","6.70K","-0.43%"
"03/20/2018","66,476","66,476","66,476","66,476","1.82K","1.03%"
"03/19/2018","65,801","65,223","67,439","65,223","5.40K","0.00%"
"03/16/2018","65,801","65,994","65,994","65,801","1.00K","0.44%"
"03/15/2018","65,512","66,476","66,476","65,512","2.50K","-1.45%"
"03/14/2018","66,476","64,549","66,476","62,718","15.63K","6.15%"
"03/13/2018","62,622","62,140","62,622","61,659","6.70K","0.00%"
"03/12/2018","62,622","64,934","64,934","62,622","4.30K","-3.56%"
"03/07/2018","64,934","62,622","64,934","62,622","0.50K","3.69%"
"03/06/2018","62,622","62,622","62,622","62,622","3.70K","0.00%"
"03/02/2018","62,622","62,622","62,622","62,622","2.00K","0.00%"
"03/01/2018","62,622","62,622","62,622","62,622","0.10K","-6.21%"
"02/27/2018","66,765","66,765","66,765","66,765","0.10K","1.32%"
"02/26/2018","65,898","65,898","65,898","65,898","0.31K","0.59%"
"02/23/2018","65,512","65,512","65,512","65,512","0.30K","6.08%"
"02/22/2018","61,755","62,622","62,622","61,755","1.90K","-1.38%"
"02/21/2018","62,622","62,622","62,622","62,622","2.10K","-7.01%"
"02/13/2018","67,343","65,031","67,343","64,549","0.70K","3.71%"
"02/12/2018","64,934","64,934","64,934","64,934","0.10K","5.31%"
"02/09/2018","61,659","61,659","61,659","61,659","0.61K","0.00%"
"02/08/2018","61,659","61,659","61,659","61,659","1.40K","2.40%"
"02/07/2018","60,213","59,732","60,213","59,732","0.20K","0.00%"
"02/06/2018","60,213","58,287","60,213","56,841","9.50K","-3.85%"
"02/05/2018","62,622","61,273","62,622","61,177","1.10K","-0.76%"
"01/31/2018","63,104","63,489","63,489","59,732","4.98K","3.97%"
"01/30/2018","60,695","62,622","62,622","59,732","15.60K","-3.08%"
"01/29/2018","62,622","62,815","62,815","62,622","0.90K","-0.31%"
"01/26/2018","62,815","61,755","62,815","61,659","5.35K","1.87%"
"01/25/2018","61,659","66,476","66,476","61,659","16.40K","-3.76%"
"01/24/2018","64,067","67,439","67,439","64,067","12.10K","-5.67%"
"01/23/2018","67,921","67,632","67,921","67,439","8.70K","0.00%"
"01/22/2018","67,921","75,146","75,146","67,632","31.60K","-9.61%"
"01/19/2018","75,146","74,183","80,541","74,183","34.51K","2.63%"
"01/18/2018","73,220","72,256","73,701","72,256","1.14K","-0.65%"
"01/17/2018","73,701","73,701","73,701","73,220","6.70K","0.00%"
"01/16/2018","73,701","73,316","74,183","73,220","23.38K","0.66%"
"01/15/2018","73,220","72,256","74,183","72,256","12.10K","3.26%"
"01/12/2018","70,907","71,293","71,293","70,907","4.50K","-0.54%"
"01/11/2018","71,293","71,293","71,293","70,811","6.90K","0.00%"
"01/10/2018","71,293","72,256","72,256","71,293","2.80K","-4.52%"
"01/09/2018","74,665","72,256","74,665","72,256","0.20K","4.73%"
"01/08/2018","71,293","71,293","72,256","70,811","16.40K","-1.33%"
"01/05/2018","72,256","71,389","72,256","71,389","1.55K","2.60%"
"01/04/2018","70,426","71,678","71,774","70,426","3.70K","-1.75%"
"01/03/2018","71,678","74,183","74,183","71,293","2.10K","-4.62%"